id;age;dewormed;vaccinated;fur_length;weight;adoption_speed
1;14;1;0;7.6984837971762;5.93719619788053;65.6928352998648
2;16;0;1;8.9855678965324;6.51894594866875;65.0706668700862
3;12;1;0;7.28277327949735;5.79743478318824;64.0538753696946
4;3;1;1;7.11020160262722;4.59851403089391;77.5885106247916
5;4;0;1;8.58136160315138;4.48309833262967;62.6850087794521
6;3;0;1;6.88381269621157;4.59053130388787;65.8316828796583
7;7;1;1;5.42640793294563;4.73371751871356;63.3076888102364
8;2;0;0;10.1950058330536;4.74724870284379;64.9794873965891
9;6;0;0;5.76268981672916;5.12823607407442;69.1608039462699
10;15;1;0;5.91172092017744;6.75677320444392;63.0242426759945
11;12;1;0;3.79023905007017;5.75507753787545;66.942758912617
12;16;1;1;6.96666137741281;5.98094942419691;63.7747149843427
13;13;1;1;5.2963766779941;5.3941127117078;68.4273127665979
14;6;0;0;5.0096460043566;5.02989950018444;70.6545619023746
15;12;0;1;7.68090373906031;5.50924345618151;68.63616216889
16;8;1;0;6.93855685116923;4.82136584228854;68.7842191152168
17;10;0;0;9.91060600689278;5.32178635954656;60.1436176979296
18;8;1;1;6.21324295762532;6.91042106585391;65.994477150497
19;13;0;1;4.95487780038302;6.11153957726309;61.1937032236235
20;5;0;0;7.96982505832576;4.59532979226856;60.3803963641473
21;1;0;0;6.24177353117641;3.52759243872234;74.561754078888
22;1;0;0;6.01939669877876;4.41962785473103;69.0015061288711
23;3;0;0;5.62371101003607;4.60405063435508;63.909109634812
24;14;1;1;4.37287632734154;6.81887537321096;67.8669825640632
25;6;0;1;7.47493026848647;4.9103677392572;64.3197583250101
26;10;1;1;5.20654084349656;6.03461530333191;70.2537825222642
27;2;0;0;6.50500104201923;5.00556518813983;66.1266921020985
28;4;0;1;6.30605445046886;4.87096194528318;66.6515364178364
29;9;0;0;8.0916351065884;5.0344535580214;61.3052403065555
30;11;1;0;3.78879285073112;5.44355353908682;60.8355473078129
31;5;0;0;5.89017809177022;4.74397861838054;66.5478595865482
32;4;0;1;6.73104954438673;4.3812711661075;72.2817157469349
33;7;1;0;6.13408145288939;5.68192788038596;69.1917361842951
34;5;1;0;5.95078807390179;5.04413032211383;75.7200353718147
35;6;1;1;6.68160794243374;5.46055782151411;72.5548948048477
36;11;1;1;2.57185093986645;5.949141598775;62.9380201864071
37;15;0;0;8.43733425773264;6.65417072719468;59.3611310363976
38;5;0;1;6.88462343775218;5.13300894048921;66.0542172528289
39;12;1;1;4.81301666059287;6.07151818139535;70.9765180447141
40;15;0;1;5.98866147296772;6.34487507395605;59.4545932229903
41;13;0;0;6.09802909343585;6.42141808644118;63.5035963726195
42;2;0;0;2.85656251878645;4.87649992571545;65.8380240712181
43;4;0;0;3.90631566873639;5.13142272622966;71.7048131370406
44;13;0;0;4.34588648892155;6.92074774373839;56.8555538566417
45;3;0;1;5.7122670222276;4.59087138199894;72.0943754662291
46;9;0;1;8.60018206997286;5.55408877822022;63.8982111706108
47;14;1;1;4.64317289241189;6.47421162177423;69.3275025179992
48;4;0;1;4.29454104967959;5.45666368827658;74.7617906945547
49;3;0;1;5.00645395313311;4.48861545244599;72.8612067798422
50;15;0;1;4.28815391331586;7.1148144263946;59.5346162375992
51;16;1;1;8.42437824627715;6.6348447377493;63.6087556897971
52;3;0;0;7.39055672665317;4.60090784457868;66.8368376445247
53;7;0;1;3.95124771546435;5.13964642652094;70.4141154746504
54;2;0;1;7.16657966632588;3.40867701489861;69.4346516403683
55;1;0;0;6.13994325588568;3.87928656752076;67.8700719436665
56;1;0;1;4.79780669744611;4.66414942173166;71.3576942150704
57;6;0;1;6.29545685439986;4.28139956602085;62.8322463435063
58;12;1;0;8.50699632583115;5.57409106026935;64.4500492177316
59;8;0;0;2.79498647927667;6.15519324570491;62.6132010996116
60;14;0;1;5.53347327003029;6.93748137837523;68.3092223583894
61;9;0;0;2.61936128980854;4.68814248578233;62.414801790756
62;5;0;0;3.2577493985711;4.30559671960377;59.1639689005223
63;11;0;0;4.46025767131851;6.09970843382927;60.7533204841759
64;12;0;1;5.96549613493963;6.23359701032849;66.5235975403273
65;6;0;1;3.07791070273532;5.25673523276114;65.8773095342766
66;8;1;1;6.34799537020414;5.45712428173048;74.5537334004556
67;3;0;1;6.01913068037887;4.739287018488;69.4115609985645
68;15;0;0;5.45540179302074;6.57594411918325;57.2616716149212
69;4;0;0;7.17211173564822;4.25619694033702;68.3622099864067
70;8;1;1;5.58137641077182;3.99594902195746;72.4565038253409
71;4;0;1;7.68794904209376;4.28674355958049;67.3263316741152
72;2;0;0;4.19964488410584;4.10273947103894;72.7722074306829
73;2;0;0;6.66771637725096;4.04913717129235;69.8397486864963
74;7;0;1;5.21848787840442;5.18662371412733;64.8402886826981
75;3;0;1;6.8279888170406;4.35939614073724;72.148717744035
76;3;0;0;3.9703277025494;4.32658419397959;70.0468683259678
77;12;1;1;6.30230198471842;5.78242958661373;67.5347219419718
78;9;0;0;7.60219993128167;5.84511523112227;59.9817395136446
79;12;0;0;8.08132120760781;6.01808515833062;62.8576489391443
80;3;0;1;5.26503701583805;4.16671783886544;76.1818235859514
81;3;0;0;5.69831761114019;3.41148695823344;65.4250931940775
82;13;1;1;5.72886612804467;5.15186189268304;65.5599508703242
83;6;0;1;8.28773448802843;4.54265683549874;65.8795833838274
84;12;0;0;6.95439951346534;5.73367213763179;60.6931657937081
85;11;0;1;8.88491324209881;5.668883348021;64.2683200176165
86;15;1;1;4.08217032051658;6.55839247871194;63.9408746302076
87;8;0;1;6.64584716727469;4.88341167638562;63.1584138558117
88;15;0;1;8.50324559531492;6.08420756853981;61.5228584551569
89;14;0;0;6.31852390019331;6.51873410137707;61.6505841942728
90;5;0;1;6.16755124317525;4.46276393060841;64.1971933463926
91;12;0;1;5.74859128770253;6.44552519286907;65.0140123650929
92;5;0;1;8.18551760205303;4.78113314804662;65.8989069569117
93;5;0;1;5.19809845109828;4.91293144830775;66.8537032578558
94;13;0;0;5.51166771724137;5.66570497513192;61.2466449499792
95;14;0;1;5.72412960447051;6.28714023373067;65.0038430648375
96;10;0;1;7.25365057695399;5.04807692532381;69.2740705889699
97;6;0;0;8.07006696603312;4.08565967494612;65.104756009047
98;3;0;1;3.08100127608659;4.48292668811605;69.1205781180547
99;13;0;0;6.72365642294749;5.85793203890561;63.2945843518997
100;1;0;0;5.24961681316485;4.31464161218468;69.3110028484041
101;15;1;0;5.67110293948442;5.86977968578342;67.5447682522991
102;15;1;0;8.32152045851196;6.41370152954074;63.8426053667608
103;14;0;0;6.45175879318694;5.74603959569496;61.6242210349242
104;1;0;0;3.77864384024588;4.38087856256084;69.3077293309846
105;8;0;0;6.66483778783316;5.74775548673941;63.7987581233207
106;5;1;1;5.89035982212469;5.86245484266088;72.8624989450812
107;15;1;1;7.21978478248915;5.80625652336111;63.8143923152584
108;8;0;0;6.90673763940716;5.78894538738992;62.9185359928507
109;3;0;1;6.52368426901753;4.67511300528946;67.9269055790704
110;15;0;0;5.93774806824144;6.59619058907609;65.0787579008552
111;3;0;1;3.67731838912405;4.95479825262979;77.8919947412978
112;1;0;1;4.63395066861595;3.2958238606985;72.9645272670398
113;4;0;0;5.13527163227816;5.12078403036768;66.6610395002908
114;11;1;0;6.54252939860604;6.11721254425605;62.5068440178195
115;11;0;0;4.49889613971245;5.14198946294174;57.7677192536147
116;14;0;1;6.27214575204477;6.15918742280605;67.7173740663888
117;6;0;0;5.76390934944126;4.33695638930148;64.9866880284252
118;5;0;0;7.57348744364634;4.37451634329677;65.2927071478856
119;3;0;1;5.829165275036;4.082439368773;62.1179752252699
120;13;1;0;6.21358605584221;6.37694020671138;63.1553678287621
121;4;1;0;5.07993656970459;5.36345808816329;75.3585167963628
122;7;0;1;5.5382859240763;5.91334261831923;67.1526753801742
123;6;0;0;5.32783185979388;4.30435202907903;61.1893955027641
124;11;0;1;6.70765707905579;6.08103244500346;66.5025181498779
125;7;0;0;6.98080521402416;4.37573165060983;63.4818046865147
126;10;0;0;6.79376021873647;5.40999920804442;65.3582598819409
127;4;0;1;5.35511431981075;4.95071929278637;69.2992159801344
128;16;0;0;5.26597075738129;6.72377084710894;59.6462763069119
129;15;1;0;3.98344174014212;6.20327864632914;65.0229326976102
130;12;1;1;8.32846971271269;6.18890556590346;67.4604673951048
131;15;1;0;5.84162100068458;6.14208928289185;62.7778265196878
132;4;0;1;3.11974262527257;4.60846139301201;67.549834883208
133;9;1;0;7.96947726127248;5.6024776725574;66.9475009581102
134;3;0;0;6.47693296680313;3.54608190274633;61.4847608081115
135;12;0;1;5.21595974302436;5.30047866564781;65.6344018004503
136;2;0;0;4.93456242475448;4.28564079323361;68.2672186859385
137;4;0;0;6.76488923276848;4.21396703055833;69.5434562016849
138;9;0;1;5.72888596039091;4.59388206628459;69.236274568782
139;3;0;1;6.47355166055041;4.87441377640696;69.3728481679187
140;13;0;0;5.25735965177798;5.92029940381181;64.8222602123332
141;1;0;1;3.73115551752;4.60485117303916;72.5348657375517
142;12;1;0;7.41534819269989;5.84330167222378;64.1438189354473
143;2;0;0;6.22746077820318;4.33407029889931;65.1462403948165
144;15;0;1;7.50618801416831;6.21813082153696;62.0284103777391
145;4;0;1;5.45804957202623;4.76432035923218;68.8738373444735
146;15;1;0;5.2136926449289;6.75363677567345;62.0299117306176
147;14;0;1;8.45557734327384;6.86574406280863;58.8264672807025
148;14;0;0;6.11745602819781;5.57699563238247;57.4366492194394
149;14;0;1;6.39256321681178;6.22261369102403;62.0585237433597
150;15;0;1;4.84889399102255;5.94043240621953;55.8379582599162
151;11;0;1;5.53167041372634;5.13324608027292;65.7870089257834
152;3;0;1;7.7562803368449;4.05552493754498;71.1590118533261
153;9;0;0;5.08471741193688;5.07829269820389;63.1864053686816
154;4;0;1;6.3578751183451;3.65447341332137;73.8801037178478
155;12;0;0;7.02722357938282;6.38011183245607;60.8654607299413
156;2;0;0;6.70048159948452;5.10671196906887;72.338129353581
157;15;1;1;8.28899367215199;5.50899850902251;64.1856503638291
158;14;0;1;5.82682277881065;6.23806981723328;55.0753555622961
159;1;0;0;5.97060935750051;3.80593832969184;68.9032571994118
160;1;0;0;6.44570089900003;3.90358663059077;66.4601623466665
161;11;0;1;4.30861394690575;5.40844684868214;68.3943492234656
162;6;0;1;7.02859079505954;4.55063432781436;71.4762918537631
163;5;1;1;6.30572200424071;5.04704663219454;71.4729110069626
164;8;0;1;5.58144254611275;5.25601803691041;59.3503024556818
165;2;0;1;6.33908281090894;4.20868580285045;68.9413079494783
166;11;0;0;6.12057626532231;6.46806046629336;61.7586689705729
167;9;0;1;6.33378056284319;5.89415208460043;68.6012300568525
168;10;1;1;4.55654137325617;5.67297597636226;75.4358569917959
169;14;0;1;8.59605867999226;6.4365756963673;63.68687646243
170;13;0;0;5.58208419063179;6.0990202612146;62.9999914458554
171;16;1;1;9.52115103455649;6.52388739359479;65.2789843808431
172;13;0;1;6.50866379861875;6.30046038102524;59.6705502793494
173;2;0;0;6.49086423249855;4.0302906424547;71.8263966902279
174;2;0;1;3.44276433574436;4.26511146017687;65.9465387866754
175;15;0;0;4.12627838907666;6.53644582849735;60.3698793788095
176;1;0;1;4.51929079707613;4.30695015836077;70.4768731859281
177;16;0;1;5.11784229303283;5.71196367207629;63.1853023388206
178;14;1;1;4.82469587579276;5.18665053158827;68.6202771127875
179;5;0;0;5.82345970556674;4.18590401637239;64.5775507680851
180;16;0;1;8.1797522068293;6.10599766475276;58.4212877091488
181;5;0;1;6.1633960845056;5.27945099609989;74.5778818672515
182;9;0;0;5.83662523869033;4.89651946328339;61.645556432428
183;9;1;0;6.41765146745056;5.51350841089203;71.0759174971967
184;8;0;0;5.64910277654102;5.5042861640463;68.0562571710505
185;5;0;1;7.24587133152902;4.68799120437865;70.8491495612046
186;13;1;0;9.56551310239748;6.40969173491294;59.3669016241881
187;16;0;0;5.84442517979635;6.06367544099911;59.3116670501387
188;15;0;1;6.40161134138027;7.6552173960867;58.4070198297101
189;11;1;1;5.43820452782421;4.89139191475772;64.1156906067542
190;9;0;0;5.3299412429182;5.39041034029718;63.0442232409816
191;13;0;0;6.55813013610665;5.27146377446793;56.0664342768674
192;12;0;1;9.38336647572819;6.86058170511586;60.6762407037235
193;4;0;1;6.33947911801038;4.76637170676947;68.4474104926276
194;16;0;1;6.18824630919132;6.9062973348485;64.1110707409954
195;16;1;0;5.83658648456613;5.94709362802722;59.3012623780106
196;14;1;0;5.46144444144067;6.1125725610728;64.0702049902805
197;10;1;0;6.30580828382555;5.79601530083297;66.1647086970809
198;12;1;0;3.20521679611188;5.64986389912161;71.6589711016099
199;3;0;1;6.44197183947597;4.46010427413192;66.1359339786673
200;6;0;0;4.91514122253176;4.24431064529125;66.8223162694019
201;1;0;1;7.05407310383751;4.47315393379141;69.3799543954065
202;12;0;0;2.91781479704642;6.29514442478551;59.4907240098507
203;16;1;0;6.99306583111584;6.69962259943972;66.7573012020977
204;13;0;1;8.39029620952421;6.26470848046207;65.216760703503
205;16;0;0;7.28267560702064;5.8793895034031;59.5555559452154
206;2;0;0;6.07030250003328;4.51049960254112;73.0742946038782
207;1;0;1;7.05088909348662;3.51589434539019;72.9435204318175
208;6;1;0;2.56217668942969;5.2091243233421;72.8735414052979
209;12;0;1;5.3089961111064;5.82146984745572;68.2436700775306
210;9;0;1;7.43810825777016;4.84955426183928;60.4369214037032
211;7;0;1;4.80156207458686;5.88330058830485;66.6815807876411
212;8;0;0;6.28598170152026;5.83539893282989;69.883434858197
213;10;0;0;6.60808976739048;6.37778793592324;61.7897819961014
214;4;0;1;4.98489860122931;4.85621245013265;62.2021263587172
215;8;0;0;6.16791020393906;4.37576316954017;63.953854979935
216;1;0;0;7.19774886494341;4.64030277398005;68.6326974310754
217;1;0;1;6.31457715994113;4.98967581014994;68.7331344261169
218;7;0;1;7.6651539840949;4.59387876066669;65.1834005494545
219;11;0;1;7.35217013595347;5.81221199860237;58.722749813896
220;10;0;1;6.2777939381836;5.16376524000224;62.26952274464
221;11;0;0;6.19673647191407;5.53109405131356;60.4195189804396
222;11;0;0;5.35546028885977;5.33455635710181;63.2733399112944
223;5;0;1;6.0672513382487;4.88745904164698;69.8491038257296
224;16;0;1;8.93164808073999;6.54705817358533;58.2958861975626
225;5;0;0;7.77869193265067;4.10861119251213;66.1418298767087
226;3;0;1;7.69640875789632;4.72563723952259;71.2194618763336
227;13;0;0;8.8919166256886;5.76368178800588;53.5683941418773
228;4;1;0;3.88573030909162;4.05988719420195;71.1795813761895
229;7;0;0;6.14661345740811;5.01012224126579;69.0657515476869
230;7;0;1;7.61814821243755;5.60177999615177;59.9625146979133
231;10;0;1;4.63222118112446;5.83849003716614;68.2380996315057
232;4;0;0;5.94492833573282;5.13489644381853;68.5059805413368
233;10;0;1;6.7629357934488;5.68492529599658;61.1281205654851
234;13;1;0;5.01478812198846;5.92063613527761;63.0937375315295
235;14;1;1;5.36093177232696;6.63645620872499;64.6977448182898
236;13;1;0;3.23521439460809;5.21430150991517;58.9722958037404
237;6;0;0;5.35228991609902;4.99989587221746;64.6590637717851
238;9;0;1;5.41431151652956;5.6990771931289;65.6915338322361
239;8;0;1;3.9126154831375;4.31108625236798;64.6401961190163
240;7;1;1;9.02954750586851;5.11905239368218;64.4432242331739
241;13;0;1;5.0369894489903;5.15654040652902;62.2100018787798
242;13;1;1;5.33802029470734;6.13244132271062;61.3872187255185
243;11;0;1;5.29124820747775;5.31621672773104;59.8102816734421
244;7;0;1;5.38644676423195;4.84240254326617;71.0497151793147
245;5;0;0;3.56634129668771;4.63086643797805;67.2185228885045
246;4;0;0;3.13187225484231;4.65391620912124;68.6637329543689
247;12;0;1;6.90560003952107;6.4485999753659;65.9495286590422
248;8;0;0;6.07450970303429;5.92039045557312;65.6137316913919
249;7;0;1;7.70411255191634;4.03283269005003;66.9412141466813
250;15;1;1;6.66360035236316;5.88222964702374;59.0204223782219
251;14;1;0;5.72933473699156;6.35126697734272;63.5970527422805
252;4;1;1;4.22610543421559;5.37972048688777;74.8128653308933
253;12;0;1;6.98116417330357;6.36047825421799;66.5523376127164
254;11;1;0;4.27661494374156;5.84926746302444;70.1368519072923
255;8;0;0;3.23162066947355;5.38281803551064;66.6122232301879
256;7;0;0;6.16830128769713;4.96366237209666;63.7169912216713
257;1;0;1;6.83509459884267;4.09128122611225;62.9965926982817
258;2;0;0;8.20511480988365;4.40501641615931;73.7050790311199
259;4;0;0;3.79268935508056;4.21602980527823;71.7063930973999
260;15;1;0;4.74644778999406;6.8480080412329;62.5409877342161
261;14;0;0;6.18408129709502;5.74776166488377;64.4818009954345
262;3;0;0;8.0956010917847;4.24863794471249;64.5433878792713
263;13;0;0;7.08944449066013;6.38189861488738;61.4056539790051
264;8;0;0;6.4133506725524;5.79893381428446;63.4004787489492
265;14;1;1;8.29213938490762;5.03780402827243;62.1122707510971
266;14;0;0;7.7842803072797;7.08256132645615;64.0815464615172
267;12;0;1;6.92490251806481;5.88881050769828;65.4357986981391
268;4;0;1;6.79716205956494;3.79230245614447;66.565766707325
269;6;0;1;7.86251967227037;5.55400972641853;68.3570267372399
270;5;0;1;7.75841375523562;4.66041641595471;73.4257389239402
271;2;1;1;4.73338334948678;4.67171911116397;75.2503836742233
272;12;0;0;5.85339291138446;5.76379023166574;62.6746846562
273;16;1;1;4.10412977535588;6.58015314500676;64.921851538472
274;8;0;0;4.17264830654938;4.21303667004286;61.8475275252426
275;7;0;0;4.56019001275787;5.40588198756459;72.3228305554137
276;13;0;0;5.80648670579154;5.59949403017284;57.7537179809572
277;1;0;0;5.27542981678631;3.48512534381661;68.3074608013339
278;4;0;0;8.31255960722679;4.988201640505;68.7769184847026
279;4;0;1;5.41828931840912;4.00500821255009;70.1931940786317
280;2;0;0;6.10639410111884;3.22467309551534;72.3100351826791
281;7;0;0;6.99914268050454;4.53740275166169;63.1430005883832
282;6;1;1;6.23706421330643;4.73362586404396;73.3233584118012
283;11;0;0;6.22713959295482;6.885335477686;65.2312845261856
284;7;0;0;6.34481825345438;5.55213796097546;67.3734337586196
285;7;0;0;5.11787055124176;4.95507351278174;64.3281869105082
286;3;0;0;4.02124956423208;4.70452950432811;71.3748026292658
287;14;1;0;5.17713049585551;7.0225163393244;68.3227816306889
288;13;1;0;6.06218169925036;5.42734539664513;65.6738660505176
289;10;0;1;5.46891598030441;6.43005451650197;65.9074908005128
290;3;0;0;6.80478179323201;4.2823101950073;66.6204784846953
291;3;0;1;5.95878984395754;4.29854319452556;60.8342005585334
292;3;0;0;7.09923906470218;4.36448597135338;68.9432566135726
293;9;0;0;8.12816065781306;5.80578041134008;60.2169823341988
294;5;0;0;6.42367395614909;4.85822501877564;67.9761687496261
295;14;1;0;8.46547859503133;5.29397919596178;61.7932684461115
296;10;0;0;5.72020132988719;5.42535832258601;64.6757244530651
297;7;0;0;3.84408089892497;5.13324262770802;66.8405611538719
298;5;0;0;4.16950868135988;4.51393008989075;67.7189782845265
299;9;0;0;2.4158377493775;6.23317060480202;61.6116181530558
300;2;0;1;6.48540608246364;4.32863187907196;72.1220253243433
301;13;1;0;4.96271276331091;6.42499061739794;67.2495960397819
302;13;0;0;6.01149280258215;5.55281376242969;61.7674436205993
303;9;0;1;6.99174472214918;5.64722127687908;67.9453548550889
304;12;1;0;8.15333939514812;6.23031238148802;65.1227569372466
305;9;1;1;5.75605659931288;4.97178052465119;68.9309987166893
306;8;0;1;7.17988809206077;4.76951672214088;63.0661633735928
307;9;0;1;5.66507956628894;5.26415339737272;59.7616788771468
308;10;0;0;7.06623241782758;5.96141223567097;64.1541237276818
309;8;0;1;6.40409888643559;5.48862653793547;65.7629532584837
310;14;1;0;7.48451017304737;5.27108492536714;61.3577853481723
311;2;0;0;5.59091413788699;4.08300966647444;67.8759201588142
312;16;0;0;5.40568836063216;6.38955204095149;62.384803004985
313;5;0;1;7.27178977886015;4.94771276224784;67.870015366912
314;12;1;1;4.2648606822007;5.47859799305183;60.4506990488801
315;5;0;0;5.27995384151364;4.80226731023882;68.2623512783633
316;2;0;0;4.70740978941903;4.70570277857077;64.6669394246806
317;15;0;0;6.83713593228763;6.37672930171817;63.6929101133842
318;4;0;1;5.02687482349299;4.66732463035643;71.7268484841062
319;16;0;0;7.09896915148888;6.67403490525056;59.1320713866777
320;7;0;1;7.58680695631271;5.21209133346906;65.022246722292
321;3;0;1;5.33452707855063;4.33844621017065;70.4293173134654
322;11;0;0;7.44400354176429;5.65820794352239;60.1296532111745
323;15;0;1;6.25609753615407;6.48745538324034;62.0279908622857
324;2;1;1;4.09385722516898;4.28225408207823;75.4145478827142
325;14;0;0;4.61691598501146;5.78368356700636;62.9706289555151
326;7;0;0;6.42076109591899;5.0009862115067;68.2682966428551
327;11;1;0;5.88735394845854;4.93770027740259;71.951923128826
328;6;0;0;5.28167995377708;4.87869856367721;66.5731461985438
329;13;1;0;3.73893442050511;5.48219043482616;63.0843142421716
330;7;0;1;6.39818907180889;5.08506223883237;63.5900233707847
331;16;1;1;5.37641917263855;6.77444650754611;60.9977065286255
332;11;1;0;2.59893062164955;6.5325666341783;70.9681773709528
333;6;1;0;5.666999788529;5.66861239099349;70.4526492864058
334;3;0;0;4.41603658893395;4.76032364853628;66.3496782297296
335;3;0;1;8.48419768705092;3.85236321176795;61.2774914732907
336;5;0;0;4.97598625182978;5.73850393287458;67.0204219190462
337;2;1;0;5.44552806542325;4.65189661721775;76.8872002198257
338;13;0;0;7.07461883718386;5.80236053668116;61.6718148280312
339;15;0;1;7.04153322299628;6.61889092785491;61.8630607231435
340;6;0;1;4.09531488344597;5.38474702803912;67.8839996410517
341;14;1;1;7.27687215079084;4.94344690331971;64.212856319689
342;6;0;0;9.16058468866108;4.72502743748121;62.9677107291321
343;4;0;0;5.5883137539023;5.08294392586605;66.021103542057
344;14;0;1;5.93586970381475;6.08373015431062;63.9924755761075
345;9;0;1;5.51400283570576;5.93777372539725;66.4772584431133
346;9;1;0;4.77094383197579;5.59912105624601;66.6649060071006
347;16;0;0;3.99468940474767;6.93970072323333;59.7422958204268
348;7;0;1;6.17497218875718;6.42401478821467;65.9537611851444
349;12;1;0;8.35874638488303;6.41394941771408;61.6153139897611
350;8;0;0;4.22028537220322;5.01043259895172;65.843814096883
351;2;0;0;6.79561222234256;4.33038917949781;67.4407333076736
352;10;0;0;4.31328059895202;5.99453056254766;68.4542293998006
353;11;0;1;5.44662565368521;5.26387774597608;65.5025215486941
354;14;0;0;8.35668123468833;6.61399286329016;60.5022253116959
355;15;0;0;10.224177973178;6.40956994886584;58.9273545420574
356;2;0;0;4.33720825159664;3.81412335993525;65.5004714563495
357;4;0;0;7.23647032096405;4.82166508854214;66.6293280504998
358;1;0;1;5.29250440669472;3.85258633791517;71.6155981542754
359;1;0;1;7.53739011941548;3.22048966336494;71.4810102082084
360;9;0;1;7.01864623632107;4.99740845326609;68.0634449681967
361;7;0;1;7.00822663832485;5.20543172910157;68.7846379899479
362;11;1;0;3.98361148718761;6.4587287290549;63.4864058013917
363;4;0;1;8.77167168722426;5.18847520488178;65.4943915661904
364;8;1;1;7.66769853564852;5.0607212613384;74.3385451923354
365;11;0;0;6.22472452412538;5.52360266914029;66.2335950526452
366;3;1;1;7.57723936537886;4.2085014118568;74.7254041273624
367;16;1;0;6.70209399530788;6.99620834935529;63.0402278414796
368;11;1;1;3.80917407702921;5.7725009580261;68.8377012856546
369;10;0;0;5.87104528016213;5.17241165790485;62.258870179382
370;15;0;0;6.5153104033551;7.09782477694823;64.648806999148
371;1;0;1;6.5285178934694;3.93530717441939;77.0345519969218
372;6;0;1;3.90979273116428;4.03297165425552;65.420313758763
373;7;0;0;4.92035874961645;5.35296685135671;63.5703406395854
374;7;1;0;5.72650962286702;4.56820865230634;68.665198623123
375;12;0;0;5.84523382066269;6.21109371025569;55.8655627652667
376;6;0;1;4.93847768806758;5.30730927033156;69.2627141873933
377;6;0;1;6.25106299150645;5.06189051249259;71.9656178233468
378;1;0;0;7.20857127163407;4.10756107299344;71.8428453180111
379;16;1;1;6.00939022096176;6.48849350592812;66.8840923106871
380;5;0;0;4.51598849033859;4.72464956502624;62.4501130524699
381;4;0;0;8.17520870453941;4.96665759184759;65.6900539374259
382;10;1;1;6.13975536355756;5.21035174692065;66.0735394839449
383;10;0;1;7.7376214384692;5.88654086632367;67.1980265406957
384;11;0;1;6.22629863868517;5.38390594058105;64.7310224065223
385;11;0;0;6.67547159500946;5.88797555168623;67.5391783104809
386;15;1;0;8.32406586486678;6.27303870056048;59.7180484752839
387;2;0;1;6.25157355844562;4.37537243818784;67.0410415691723
388;14;1;0;6.0287843765936;5.77777575394843;62.3017674276496
389;14;0;0;0.718119668376938;5.44626028626945;52.5660379950304
390;1;0;0;6.34136001267787;3.42731307868041;66.9179327339724
391;11;0;0;5.0355469183869;6.58992529148557;59.5742851928277
392;3;0;0;4.68278072107891;4.95679321024266;68.1365863832524
393;6;0;0;6.67062633111072;4.96160601873313;68.5721949110588
394;7;0;1;6.50503246701055;5.86123027858476;69.9157145132546
395;5;0;1;6.54001358764218;5.00815754890258;72.2332629774704
396;2;0;0;2.35454820328491;4.70017763421832;68.6570555852402
397;10;1;0;3.51243116097385;5.12883313831294;70.1700846044822
398;8;0;0;7.23630774795069;5.9099817518541;64.0832556572849
399;14;1;0;7.84884316250501;5.78332059635507;61.1778345393794
400;6;0;0;6.28377895962043;4.4066372471374;68.3204186557973
401;2;0;0;7.59297599848198;4.47915707356608;71.0920823881701
402;4;1;1;6.12789975003261;4.48307520422549;74.3308489277526
403;11;1;0;9.24154885583438;5.81450009823422;64.8735943417251
404;10;0;0;5.09992777158212;5.33445986458122;66.1188917340684
405;4;0;0;7.74135217011234;4.58307427771288;67.8769461680052
406;3;0;0;6.39631777313961;4.56838882703216;72.9290404320751
407;14;1;0;7.82054549464748;5.29093214303773;66.9754101310645
408;1;0;1;7.95849429734164;3.38017504079535;75.2204013183478
409;13;1;0;4.17000019992279;5.90811644633778;64.3841289227414
410;6;0;0;6.4428524583154;4.85014858234049;66.7703892600581
411;7;0;0;5.71540255743172;5.13502914830339;69.4060368754439
412;16;1;1;7.62519499267669;6.4149643314604;61.3796608204487
413;9;1;0;4.29170801516727;5.45086530328757;67.0307275316922
414;9;0;0;2.70148814171481;4.76513708073457;70.3341609791151
415;7;0;1;5.3777874911255;5.53308214296851;69.2008008375089
416;8;0;0;6.46809163057684;5.49012142839638;69.1340180704885
417;5;0;0;7.33364720842804;4.67665406976514;68.3957064648201
418;7;0;0;6.31933251872078;4.55049395568391;61.2239257273806
419;16;0;0;4.95628972609177;5.86778604093428;65.194750221536
420;10;0;0;5.44695873462918;5.59144790469966;66.8220376014852
421;4;0;1;7.27430251449045;4.67328539441348;68.6075685230244
422;8;0;0;7.84120332033659;4.83776254990607;60.9444616377995
423;12;0;0;5.51132642565746;5.29382558959981;63.9394953451111
424;11;0;1;6.27500212495621;6.07263804180354;67.6590742337093
425;13;0;1;3.19041707672428;6.20564767353451;65.7188831872544
426;11;0;0;6.63804909938651;5.59005895053988;62.2417048949928
427;2;0;0;7.24963261740261;4.49221673838479;70.6913182262668
428;10;0;1;7.34867495448189;5.29553061641984;65.1060381212756
429;14;1;0;3.6943984009182;5.96209087225636;62.9809721570619
430;12;0;0;5.97597726131369;5.15774035678046;65.1560055550912
431;7;0;0;6.14517573910392;4.89701635546775;66.6708125651325
432;3;1;0;10.6275990861151;4.39375358589509;69.6719467935451
433;9;0;0;3.41881179141997;5.83344980953691;60.640918019978
434;14;1;1;7.91904201367704;7.03354275822367;66.615465609856
435;10;1;0;4.90539998985652;5.58365663339016;61.9058210705575
436;4;0;1;6.01464679425385;5.32686560350576;64.9470918802983
437;3;0;1;5.07668794226707;4.77610725161504;68.2982778168387
438;2;1;0;6.29336371454008;4.4418457826157;68.4958901275883
439;2;0;0;5.85334906355652;4.66918458020055;65.5583152921996
440;3;0;0;8.20691879231336;4.81219397428874;71.72326506731
441;7;0;1;6.66210775410722;4.87091039379708;68.4609458726361
442;9;1;1;6.66127799500952;5.30799895363056;71.1210651933073
443;1;0;1;6.80857510382653;4.05935232241381;70.3383286300155
444;11;1;0;6.80650589989296;5.80685484192918;67.8424273837273
445;12;0;0;5.14362030878546;6.1453316179524;62.1580531248533
446;2;0;0;6.51302617689694;3.42472299653095;74.9475913254076
447;6;1;1;5.78676202532668;5.56027377752775;74.7071163596985
448;4;1;1;6.05703094615605;5.3960656932682;74.6114555545447
449;2;0;1;5.61334284040627;3.74928072977663;68.0979360212381
450;15;1;0;8.8250610184928;6.60740296473402;73.48015024389
451;12;0;0;4.66658436638155;5.63953141346907;65.8434669276428
452;2;0;1;7.4329746515488;4.01675335962758;67.7517297778892
453;13;1;0;9.16498051629422;5.32499940225303;67.4605943925671
454;11;0;1;6.3835422922278;5.57807517722455;64.2269688483281
455;4;0;0;5.43371887821708;4.63066490381665;68.2910401377938
456;15;0;1;9.38235449581978;6.15122813593789;63.5285247588267
457;15;0;0;3.78563603231534;6.44971024521689;56.01693726537
458;1;0;1;4.89372993596735;4.60726536802345;70.0274289971453
459;8;1;1;5.77777896218713;4.92734616463752;67.9289310535712
460;6;0;0;7.77384524510391;4.48352319050407;62.5182049425821
461;16;1;1;8.18158244057165;5.80422629066917;63.9981012254268
462;4;0;1;8.45648030131155;5.35130373299445;67.4369236347628
463;13;1;1;6.88437139720706;5.84447795315743;69.1192942521469
464;6;0;1;7.25606780858049;5.17431830464476;67.2851279350329
465;9;1;0;8.4937187226166;4.69458579406508;61.5357421683507
466;16;0;0;4.98804196136706;6.6077039700283;61.421044825123
467;3;0;1;7.36545474294452;3.67206413461307;68.5535078944304
468;14;0;1;6.87708363457386;6.76127664471073;55.1510766449476
469;11;0;0;6.52743281520503;5.72896576576048;61.829993347666
470;16;1;0;7.41572887577938;5.75291837554044;69.1298024563578
471;8;0;0;5.927343733489;5.77211303187272;68.2792402469001
472;6;0;1;7.31102405709422;5.42984143010372;67.754797358713
473;15;1;1;7.05969858679562;6.31789070934276;65.8049209262412
474;2;0;0;6.01762421925188;4.26919415682727;69.1643026648165
475;14;0;1;5.87723645946584;6.5031507369259;62.3123332026638
476;3;0;0;3.8339751211033;3.71233750823559;71.4804789354349
477;4;1;1;6.92201129137967;4.62034184126574;75.0589573614886
478;1;0;0;4.86431102526195;5.51165391582652;73.3677393355422
479;3;0;1;5.65356549291821;4.94512325912834;73.568950725404
480;11;1;0;5.5063014816934;5.31700329291734;64.7081488136641
481;16;0;0;6.36700744706338;5.69528320909474;58.8523226334596
482;9;0;1;3.5418977125608;5.23655264891935;65.6084874108174
483;16;1;1;4.37249672915173;5.38762936584472;63.858630810409
484;15;0;1;6.41228147195287;5.95605413788052;64.9183804834229
485;1;0;0;6.50465836145232;3.49204051414848;72.3076732062701
486;16;1;0;7.54023902886701;7.04126316921744;61.812982484131
487;15;0;0;7.92384385928096;6.36021066920372;58.1979461847763
488;3;0;0;6.32709732280759;4.07283532536208;71.832667232618
489;10;0;1;7.32326287467884;5.96609821718932;63.4149932465207
490;12;1;0;6.56713965944986;5.7710136101714;63.9131439718755
491;4;0;0;5.83970939083546;4.42539099268295;69.0059802107728
492;5;0;0;6.15527918010334;5.13042218723454;68.6705496285314
493;16;0;0;6.96006743345942;5.96004431070612;60.6991236832278
494;6;1;0;7.99929474692156;5.29818438036778;67.1812001552211
495;8;1;1;7.01072843772253;5.08914314635253;69.1702552072076
496;16;0;1;7.9702505812304;5.4100751503251;63.23321279137
497;8;0;1;2.8850672108882;5.21166918702555;69.1186754034203
498;4;0;0;5.25829107208372;4.66566606203407;69.7038479903046
499;13;1;0;6.26706471286743;6.01161809499756;65.4384603507936
500;9;1;1;7.03950134658922;5.16817503321086;69.917371183156
501;11;1;0;5.81282132100325;4.79427537343951;70.0779099887334
502;8;0;1;5.96138202383169;4.72868145891077;68.0888065455083
503;8;0;0;7.73465288322186;4.88541926108504;64.0809665812655
504;9;0;1;5.61941491767792;4.91479894287402;68.0707149979014
505;10;0;1;7.84616401576673;4.66532397724004;62.8538813571057
506;4;0;1;4.51698945172301;4.06091317198266;70.244972964676
507;3;0;0;5.64775330056909;4.50234566236477;70.229113904311
508;3;0;1;6.4298825351453;4.07739716017505;68.0477088812249
509;4;1;0;7.02924757737095;5.06698771194292;71.2440370903514
510;5;1;1;7.20489406317389;4.64664619343381;71.2281055364041
511;8;1;0;3.09087335192656;4.43050952853018;72.6510012357572
512;4;0;1;6.07739900370614;3.59766024213216;72.2639035833583
513;11;0;0;2.80601061164521;5.61705671110231;62.1157469306196
514;16;0;0;1.34204058271034;6.35039366825072;59.5245889945041
515;1;0;1;6.58115659547238;4.56302635346629;72.6175735179752
516;16;1;1;2.21893187735673;6.71237811844658;64.9807464573743
517;16;0;0;5.5510256672666;6.60326573557463;60.9795638820954
518;16;1;1;6.33075748310948;6.36726011759416;70.4126570313281
519;7;1;0;6.36745441103654;5.73222762285532;78.3263262024125
520;13;1;1;3.68867846199168;5.51425955145727;66.8235322734085
521;13;1;1;5.60778778806394;5.83521524056404;68.0542117951572
522;6;0;1;2.22282837772143;5.8240357512253;61.1898506031233
523;14;0;0;6.43541417284386;5.30863040378004;58.6576465034604
524;10;0;0;4.21477386039242;5.57740519361853;60.9860508778327
525;5;0;1;6.03397747685868;4.39202423992925;68.4717746674037
526;9;0;1;8.56836272746007;5.90944260176062;67.4600827060704
527;10;1;0;7.90428212504879;5.69210178803455;68.2001115135229
528;2;0;0;5.32181154424358;3.96629952116783;66.708012113684
529;5;0;0;5.29080991288552;4.61742589122004;61.534425303696
530;3;0;0;4.72125661719979;4.03572479452447;70.9022751487949
531;10;0;1;6.26508302978967;5.27967461466224;67.0619114356558
532;7;1;0;4.04746586680424;4.69185407699807;70.7531386926169
533;7;1;0;6.3527709067969;5.24765791103277;66.1305373258539
534;6;0;0;7.46737991808464;5.48828571075772;67.451004118803
535;13;0;0;7.36860148930552;5.92997819863107;60.1797303671557
536;12;1;1;7.33444128504912;6.47599142021382;66.3110027344576
537;2;0;1;5.27182619792683;4.45414775766398;63.9971194384373
538;6;0;1;2.78453757561888;4.99944425598527;71.6502652645237
539;6;0;1;5.23239468427292;4.84563347387322;63.7830459216799
540;4;0;1;6.76155393352326;4.61936420982451;71.6861980387994
541;11;1;0;4.9521336116423;5.21814211930915;66.2828607219845
542;14;1;1;7.72552966302181;5.63459121062237;66.2307963215766
543;16;1;0;8.87402893188384;6.28472921765213;59.1770460678299
544;7;0;1;7.61179189483207;4.44021351865566;61.7931690843229
545;7;0;0;5.20286204922919;4.36894868408527;63.7072275312873
546;6;0;1;4.80976406974693;5.12669744512002;63.4373746011549
547;4;0;1;5.76078010024037;5.49859842649993;65.7232741888915
548;3;1;1;3.86117251734154;4.8496540273886;74.3690873256883
549;11;0;0;7.26741486309498;5.84394516769348;69.7524134037868
550;3;0;0;4.64156647451026;4.27004026974976;72.0104656013434
551;4;0;0;4.88564900892391;4.4813890351669;65.2280558337142
552;13;1;0;8.65346548821077;5.36682336598307;65.4240702675422
553;4;0;1;5.20569070712019;5.32197472332233;65.166050958952
554;3;0;1;3.8010477259268;3.86219478215898;68.6857038481942
555;9;0;1;8.24399597205022;5.9739583439198;61.6134154866167
556;6;1;0;5.73755976391759;4.28611773599171;67.1583192194612
557;11;0;1;6.41799182783217;5.08181459944004;59.9328260695717
558;6;0;1;5.31184588654589;4.60614847999322;67.5352395291424
559;4;1;0;3.73366853613312;3.84511103568802;69.2069960331846
560;8;0;0;5.17731912484534;5.37218408088082;63.9645396325758
561;10;0;1;4.43784717412308;4.94461769641261;63.0545833635418
562;13;0;1;7.06518399475787;5.3686393350698;62.7561764877641
563;8;1;1;6.97577180326055;5.60909881786833;71.4603455523472
564;2;0;0;4.62306976693202;4.36783012453293;71.9060116650712
565;8;0;0;5.10924833975099;5.78541997754492;64.0332495430426
566;13;1;1;4.53368596300395;5.30829098536193;66.2603205867575
567;9;0;0;4.57872671502819;5.54300831452535;63.6853224574869
568;7;1;1;6.6304291245462;5.9352835450245;72.5040027916259
569;7;0;0;6.19198189953917;5.38456879613993;68.7907436043729
570;3;0;1;3.70767171772318;4.62025676621193;64.2042315800914
571;6;0;1;5.81713369606075;4.77327945042655;69.6001122184401
572;11;1;0;6.99616574882232;6.11169512674351;64.8614524757095
573;9;0;0;6.14266321043655;5.9660623888129;66.3610596561426
574;16;0;1;6.71602160364719;6.82947619780554;68.9356931560152
575;6;0;1;5.13326429770316;4.79165207743122;66.3646714010606
576;12;0;0;7.54697441810008;6.28638946909772;64.5550096387793
577;14;0;1;7.71033539608664;5.61495408662021;62.2455049856522
578;8;1;0;4.16506650890716;5.52511949129261;70.3873594529282
579;15;0;1;7.87993267908783;7.04534721277128;58.7761679228146
580;11;1;1;4.5480888645162;5.89121509343787;65.8304110393363
581;2;0;1;7.13409179058753;4.10003772247903;67.4362990041549
582;1;1;0;5.13365771081848;3.87459098639643;73.405626479969
583;2;0;1;7.88997965990585;4.31260565666067;64.6667394610046
584;3;0;0;8.84956845509286;4.58499344724641;64.3183730852789
585;9;0;0;6.43761668487952;4.69853082599056;65.7976792810797
586;1;0;1;6.88324486466789;4.30750519361311;70.5591412839901
587;16;1;0;6.61848454772978;6.45086844422989;60.1830476697149
588;16;0;0;6.57446108818629;6.12981641209502;58.5725560708979
589;4;1;0;7.79792006868199;4.46806845113949;70.9535496342851
590;10;1;0;4.73905488046546;5.96656390689716;64.9769672544596
591;3;0;0;5.59281293889126;3.99331859626407;74.2673422638124
592;8;0;0;4.71412902985962;5.4705964427223;63.5739854874227
593;8;0;1;6.77454153600954;6.09079119961234;66.7323081764385
594;2;0;1;6.23598218355173;4.2021410899741;72.3889641682573
595;5;0;1;6.48144607344244;4.64901828232181;68.1060647355894
596;12;1;0;7.56918401233028;5.38533983684982;64.7655892202788
597;3;0;0;6.00177072667511;4.17558754477327;68.3366803465837
598;3;0;1;8.02105214633113;3.78229132984438;67.7040475522932
599;10;1;0;5.29102946178997;5.54856781131667;69.5004655544896
600;15;0;0;7.83049274687308;5.93809127923744;58.1181040338807
601;15;0;1;5.83458069488684;5.7804966520667;57.9976728176245
602;1;0;1;2.26728193639266;4.70159160444702;69.7185392598496
603;12;0;1;5.68494839014837;5.54702412969931;67.9567951992949
604;11;0;1;5.68210676020204;5.06108420216665;57.0575375437387
605;13;1;1;4.49954164842076;5.72756937545188;71.4024982939679
606;11;0;1;5.69734370241956;6.6708913095194;58.9171150808749
607;14;0;0;6.4305821083893;5.85969356533233;59.0979314403774
608;13;0;1;1.70008182725608;6.22844716070639;54.7466667313636
609;9;0;0;5.73857005899447;4.91499512012363;62.7966393657012
610;1;0;0;5.49458610265108;3.71192848555726;69.3834732024925
611;3;0;1;6.27506345810728;3.48252678362275;65.5776358530674
612;6;0;1;3.36854392152538;4.63471565658538;73.1567820310573
613;10;0;0;3.21185598180031;4.66343429450805;60.0543968951277
614;2;0;1;6.46733277183607;3.76901266724229;72.6332556535794
615;14;1;0;6.60044537894877;5.89269538702035;67.4322035351194
616;15;0;1;3.42461807627825;6.4845957029797;66.6880735702032
617;7;0;0;7.08864401715514;5.00123910346578;65.9401386915454
618;8;1;1;5.82059176170934;4.68561826293503;71.0487686766833
619;1;0;0;4.33939757886752;4.4766738840335;70.578398196222
620;13;0;1;6.70567609307527;4.80256345655566;62.7042056938826
621;14;1;0;3.81645548225546;5.91189474259173;66.1444251778139
622;9;1;0;5.63629546311147;5.44955430413817;67.5913366491321
623;7;0;1;6.24939606483521;5.33792176266997;65.8328160695545
624;4;0;1;8.09109002887963;5.08935073853241;67.0820772044661
625;1;0;0;7.88235058203231;3.76261467173243;66.889632484966
626;5;0;1;5.58816918472052;5.22877125903608;65.6117690771467
627;11;0;1;4.78243372184605;6.10587426584907;63.7741768915414
628;2;1;1;8.89379244087447;4.5327081011597;74.6786864086547
629;2;0;1;5.70339400563988;4.36316415943619;66.4913870466339
630;7;0;1;7.17694188129947;4.56774738256456;61.8366912432348
631;8;0;1;7.66914193020804;5.1975661031136;63.906295511546
632;3;0;0;6.14744499732487;3.62559982315318;64.4567420954567
633;6;0;0;4.4738859343133;6.06266166804546;70.1569940610586
634;6;0;0;5.9639371111326;4.29655492202173;71.4171616185798
635;8;0;0;5.81663652083614;5.81993126214455;65.707482999386
636;4;0;0;3.32941404044498;3.95493913961264;65.7743179766657
637;4;0;1;5.31450399954572;4.91260912392433;70.0470707071917
638;8;0;0;6.99041696168408;5.32774848076137;68.8400546286232
639;15;1;0;5.15555940174371;6.50534741940403;62.1912668582887
640;7;0;0;7.01168684309663;5.69142333021097;61.3999000106155
641;11;1;1;6.5588844826113;6.21985323699213;67.6628004375658
642;12;0;0;8.38389202577014;6.39325418395552;61.0054612083692
643;11;0;0;7.46262061039901;5.41768514376366;64.1433039619668
644;2;0;0;2.38492780593812;4.32358049363211;69.6385791489901
645;8;0;0;6.6495897389534;5.22327535319382;63.0395437589322
646;16;1;1;5.64079191955504;6.59406398995967;61.1868049467206
647;10;0;0;5.09957994312666;6.19679262072468;64.8354197434346
648;2;0;0;6.51520331271879;4.15652370632261;70.6150657901561
649;7;0;1;5.71889810004915;4.97430199181878;71.2281145776662
650;3;0;0;4.5586944099496;4.9086581676098;63.1169346919685
651;16;0;1;5.28882698429632;6.46724996459104;58.6782594529631
652;4;0;0;5.7378577429168;5.37511117473916;63.3220246389995
653;15;0;1;5.01339644691213;6.02640692935923;64.820582039873
654;13;0;1;6.24740401676649;6.09311916140325;60.6448510268762
655;7;0;0;4.21484896552209;4.62753075771187;62.4605232805613
656;6;0;0;2.17120490040663;3.78175775441404;59.9998279077502
657;7;0;0;6.7175207884068;4.63949272208448;66.4250568585832
658;16;1;1;5.44437602480562;5.8729189242766;62.1395652863209
659;7;0;1;7.68597119077807;5.42187172948999;70.0299963348798
660;12;0;1;6.62515473749468;4.99460415916806;65.2109992304669
661;8;0;0;5.69590425075221;5.28362076514794;64.7311980484324
662;13;1;1;6.23698912036018;6.12335607742701;64.3643617964873
663;9;0;0;4.49659475491687;4.52200819032376;67.2793320190585
664;4;0;1;4.68838267770484;4.8159846012878;62.8528629613416
665;4;0;1;9.51542634595647;4.31131211243713;60.9503607067499
666;16;1;1;7.34013330896489;7.15966963198097;67.9092847581412
667;8;0;1;5.4769556366605;5.35520616892032;60.1893511765606
668;10;0;1;5.48295722993843;5.99285849867954;66.9454953146646
669;6;0;1;3.78965971376854;4.35304251792046;69.4236118025105
670;7;0;1;5.48439491371102;4.2306962188267;66.2103875594231
671;15;1;0;6.9217042750275;6.05732098414399;74.2121413270246
672;3;0;0;7.00423849413575;3.26782665528334;66.0036860337545
673;11;0;1;6.18121289640782;6.04428288144999;57.4508492797202
674;4;0;1;5.24064540955889;4.59110609288254;68.003249562471
675;5;0;1;5.84813208916278;5.50055666030763;66.2448462389112
676;9;1;0;8.86057459004777;5.02278020554428;63.5949156287333
677;8;1;1;6.80313540602461;5.13178473601824;65.4137786265496
678;7;0;0;5.94680474499363;5.07671929481673;66.6615328988725
679;15;1;1;7.43342533703128;6.26475057083334;64.5845112076903
680;15;0;1;3.91529478455936;6.38389598446124;64.8761587679388
681;13;0;1;2.88254459892641;5.7264797902138;58.6456033414955
682;10;0;0;4.89644843375375;5.47995364474713;67.1581160371065
683;14;0;0;7.09880236369417;5.76472579601731;57.1556721779692
684;2;0;1;6.74217963430668;3.90744991713447;71.9362991009195
685;13;0;0;4.92215221092267;6.13692466803365;62.9269998982608
686;14;1;1;6.35650969962302;6.60759580559549;62.1654266199612
687;7;0;0;5.78418868622655;4.28862759894943;71.0411921462692
688;5;0;0;4.72090995511164;4.77910182806132;65.6365848567698
689;7;0;0;5.94994483355866;5.4989231181626;68.496031835213
690;6;0;0;4.8483058702976;4.86167703985756;65.5869881881961
691;5;0;0;8.22989584779535;5.1038083290433;61.8191022753449
692;4;0;0;6.68920804169546;5.26921897832524;65.6232255870358
693;1;0;0;5.8960765007153;4.06801850985362;71.5873338195971
694;1;0;0;9.31430626396263;4.11918653961164;71.1523573305826
695;6;1;0;7.91339612859912;4.98005675692859;67.4101797146536
696;14;0;0;4.82497526884682;5.35911148654622;62.3547442152996
697;15;0;0;6.89693957897347;6.14536406273064;60.8196870172522
698;12;0;0;5.03173453069036;6.15922471259077;62.0595683201557
699;13;0;1;4.55535247097191;5.77208657555356;63.139942072624
700;13;1;1;7.37389972970291;5.11717133528407;69.0171957044073
701;6;0;0;9.48065569344979;3.69188449286499;67.4382043877574
702;4;0;1;5.13076281459636;4.40358017689167;72.3417988358497
703;6;0;1;4.78010075264243;4.34910439511929;67.1303341965262
704;14;0;1;4.89562702000425;6.65951293553268;61.0667159952879
705;5;0;1;5.94719665049811;4.37417886197782;70.0047382797035
706;8;1;0;9.35714457776989;5.56695720126765;71.2140744208325
707;8;1;0;4.56573819131989;4.73757434611922;61.515478573868
708;10;1;1;6.63026974457573;5.49640476216946;65.3123614882346
709;6;0;0;5.2082414165392;4.34130521555483;60.3376942422458
710;13;0;0;3.68383391508969;5.68211699257072;61.8920157451994
711;10;0;0;4.49243594672421;6.10324674492994;60.6135415790626
712;14;1;1;5.10624384290188;6.53454050283005;66.7157491865331
713;7;0;0;7.51615680156349;3.95161853253468;64.4255200317488
714;8;0;0;6.14698460800087;5.96266837409086;65.2064612998318
715;2;0;1;6.68290175446964;3.98085762961462;68.2666518239007
716;16;0;0;5.0718448232321;7.191701698459;59.1454342594685
717;7;0;0;4.0535833002377;6.15061812398668;64.2601793523903
718;1;0;0;6.62440813247532;4.73364144877357;68.3603745974745
719;6;0;0;4.99632624588954;4.36600093851287;70.8309147333646
720;2;0;1;6.38389877120296;3.88303120660439;71.6525412965695
721;2;0;1;6.69673039372939;4.29568663226814;74.6074968892157
722;14;1;0;6.16640314973305;5.58582145213183;63.7160524317767
723;15;1;1;5.1655339345617;6.05724459289459;65.2176240877489
724;3;0;0;6.74244581581261;4.20242909214454;64.7788345679414
725;13;0;0;4.95876225796899;5.45736513549616;54.7069267292077
726;7;0;0;6.93936196466206;5.4107078688345;72.1280027012004
727;10;0;0;7.31522694918831;6.02252449889064;59.2490798949693
728;7;1;0;5.3625990991229;4.62483171183475;71.8998669182911
729;3;0;1;6.22368227226025;4.20257666405408;74.4774246181588
730;9;1;1;5.19599751924266;4.90057432931312;67.7118915284152
731;8;0;1;3.97048662540186;5.48493363376479;70.8263739056963
732;3;0;1;8.63985418125488;4.34327754043286;71.1241442160418
733;3;0;1;1.9837208169896;4.43253267793963;71.0075820590484
734;15;1;0;6.14692526163313;5.97785963590724;65.3868663979895
735;2;0;0;5.68942155958775;3.55174193945642;72.4860429852714
736;8;0;0;8.19494257386062;5.41576879407756;61.0261124121885
737;7;0;1;5.2083229335908;6.34992952420557;70.0718589571172
738;15;0;1;6.98413758294268;6.17489199213538;62.4116842553856
739;10;0;1;4.04343667369342;5.38622873013807;65.4489959125961
740;3;1;1;5.43703944532609;4.12371994121155;79.997817884624
741;12;1;0;4.15668762812118;5.40487840937875;60.1075537691024
742;9;0;1;5.36732143942517;5.09081268503589;61.4492565242752
743;14;0;0;5.2915514412116;5.92991259472654;61.5131207101596
744;10;0;1;4.68669534456948;4.63029391392011;65.7692156011132
745;7;0;1;9.00712536302538;4.5785330284928;63.9813398827153
746;9;0;1;8.90759229096615;4.58628399789369;66.8543877772514
747;10;0;1;4.26366440312625;5.36091505470008;67.4231946622864
748;16;1;1;5.78339685853938;6.75320835596829;64.0446147434325
749;14;1;0;7.92469103595613;5.31646676943695;71.7371021009355
750;2;0;1;7.27101273594122;5.12787124037391;70.4108124503601
751;3;0;1;6.30170666594481;4.69702290779814;66.6080514661746
752;11;0;0;6.07828130475779;5.17175162110417;62.154872405006
753;11;0;0;8.30476621458479;5.13211647668029;59.5705385412207
754;12;0;0;6.34876002454968;6.52296655052646;64.5953949057517
755;1;0;0;7.06972306527597;5.25649054170698;67.1342115056141
756;13;0;1;6.49958829973937;5.721505981416;59.8876470812797
757;7;0;0;7.65508549754711;4.3377465203339;65.9680838538941
758;3;0;1;8.39170367225975;4.27987343200342;67.6871080069761
759;6;0;1;8.29623530753494;4.64978232289922;65.3742916985179
760;8;0;0;5.37453192431388;5.01708908755736;64.3466346217887
761;14;0;1;4.80950124193943;5.98217238771717;64.4612591058435
762;1;0;0;4.15189732722903;2.94868405242504;66.1775312443224
763;1;0;0;3.23228660385607;4.2506461676015;64.437370861383
764;15;1;1;8.04822295178335;6.88267562569727;63.3069845934904
765;13;0;1;4.42457588587486;6.52665723345582;63.7857567935504
766;7;0;0;6.59890627504398;4.59312594174006;69.7865986818901
767;1;0;1;5.14470571636263;4.55735998778013;69.1164550539067
768;9;1;1;7.71896204656586;6.05611046072717;70.3381422440172
769;3;1;0;4.23335049725194;3.7355278676662;69.7382610339549
770;11;0;0;5.15196518736975;4.83953907776975;62.6634627801113
771;15;1;0;6.74870009636003;6.74174941253495;69.9663813977153
772;11;0;1;4.67368338007299;6.28002075458953;63.9055176642706
773;3;0;0;5.21216643524412;4.42075574239275;68.0614033434903
774;8;0;0;3.94803785795305;4.47582233102325;63.2809226314494
775;14;0;0;5.98864132369059;6.31923921227519;59.3352868141364
776;10;0;1;7.64746416141579;6.09014402446963;59.4082196594037
777;13;1;0;7.16338478129489;6.00527815947913;69.2187247405576
778;7;0;0;3.86935868017858;4.4524304409609;64.4991789680092
779;10;0;0;4.51640143838929;5.54218396715639;64.3484934517762
780;1;0;1;5.86012727914663;4.78912688882423;71.0639403935533
781;8;1;0;7.5567941220884;4.52988470567393;66.5311891183275
782;16;0;1;6.04844868549524;6.92348242277231;61.8823889684158
783;6;1;1;4.86200336517145;4.14120398923318;75.3176494042025
784;6;0;1;7.34909631488819;5.76032006364281;69.3852530892643
785;1;0;1;5.57721113501974;3.34609346312487;65.9721057125672
786;16;0;0;6.25216655690985;6.31160226392709;60.6592289163275
787;10;0;1;4.75999135525247;5.44577841443458;67.2654612647589
788;11;0;1;4.50355412181691;5.77756805378237;63.4294280701796
789;1;0;1;7.77978025974061;3.63834321534389;70.5133460937613
790;5;0;1;3.70309769494362;4.5014335048885;72.2781800090094
791;2;0;0;4.25119006783864;3.7635156811628;71.5071143089727
792;3;0;0;7.24538267768167;4.29980488902205;71.1648308999731
793;11;1;0;5.12939735346844;5.71769529742136;61.0981911218997
794;14;1;0;4.83893296912635;6.29483827441209;62.3723010433708
795;14;0;1;6.19525712160073;6.71227163889569;59.6962343543891
796;1;0;1;5.73536444615758;3.81287799939666;70.9032076684451
797;4;0;0;6.19305715847061;3.67109464227251;71.2623874239702
798;7;0;1;7.69095228157819;5.14725481366684;65.8957884305891
799;16;1;0;4.55300289212464;6.43116126268834;61.5657681018304
800;16;1;0;5.32225859646193;5.82036283795492;60.3431125275788
801;5;0;0;4.44435523649354;4.72980210274448;64.3967517761052
802;3;0;1;5.51120087820518;4.46430987978932;68.225584681853
803;12;0;1;4.94792910152513;6.02925342670751;59.809000136822
804;4;0;1;2.50994250358277;4.67542770756167;64.2687940328284
805;5;1;1;6.35522111852191;5.17922574944828;74.4020490641975
806;14;1;1;5.07537718281397;5.86465821088981;64.1192143653133
807;14;0;0;5.10995288586419;6.31241294942431;57.4344861780868
808;9;0;1;4.19916965300759;5.29272628697647;62.8473904122983
809;10;0;0;4.85948416845221;5.51128200691064;61.37775023672
810;1;0;1;6.63745053168268;3.95025281167685;73.892304434505
811;7;0;1;6.10253464045838;5.23242794406369;68.4484576190215
812;3;0;1;6.01377333897859;4.37986530245446;72.4350267458113
813;4;0;0;6.7665579920628;4.10313158800925;66.6601741894255
814;13;1;1;6.39037555219677;5.9563501550166;67.6682279909399
815;12;0;1;6.1168778948875;5.58035538868951;60.8892623385784
816;9;1;0;8.02319733903807;4.22542236333418;66.7754665223587
817;7;1;0;5.05677310963031;5.11218059858881;70.6886677469725
818;13;0;1;4.95481742710881;6.08464655416583;53.2969478094359
819;6;0;1;7.36568120469877;4.42283089190548;69.764287642276
820;2;0;0;5.14285158257665;4.46568914223682;66.3609490193111
821;10;1;1;3.90413431377689;5.55368788976027;70.101612114809
822;11;0;0;4.65968066092459;5.7276530664845;57.2034422233078
823;10;0;1;7.33404424865592;5.74399424105605;60.9249915915316
824;1;0;1;5.43475111824781;3.45285486842096;73.3976866049863
825;5;0;1;6.17397296189555;4.67333351650732;70.3857562177921
826;15;0;0;8.69766871686046;6.38475980532077;58.18042735312
827;16;1;0;5.81147702113516;6.48009268185127;59.5292698881391
828;4;0;0;4.75166656475706;5.06485715076311;68.7485570422902
829;13;1;1;4.4172177651963;5.85587761341873;63.5281954388586
830;1;0;0;7.68635098491013;3.3912242300494;72.1900231968956
831;4;0;1;3.99604358043014;4.15476308831897;74.772537261886
832;16;1;1;4.45243067738279;6.41112975523441;66.0551428486363
833;6;0;1;4.94503654034535;5.74452079480048;67.4444804209287
834;12;0;0;5.53367764685622;6.0155503478062;63.8558586264317
835;3;0;0;5.30459071252212;5.08010440702539;67.8657413417789
836;15;0;1;6.95003968712235;6.03158392709785;58.6420268942586
837;7;0;0;7.7532316879466;4.62513777504263;66.8102774546883
838;4;1;0;3.94849351489207;4.23342390503783;76.9546418177375
839;14;0;0;7.4600040118554;6.07579885459889;62.6411845083404
840;15;0;1;9.15237495679724;6.11554499891142;54.459677674614
841;10;0;0;5.77099493582885;4.80887723129105;60.2624936478962
842;4;0;0;5.58869157528808;4.50433084206129;71.7208813963518
843;15;1;1;4.55203754354263;6.06515374509166;65.3146624187588
844;15;0;1;4.8660651845177;6.23164558995796;60.4735341039533
845;4;0;1;4.38638762741815;4.77590688347553;72.3288352249772
846;11;1;1;4.99512353860499;5.74659751294718;62.9147407902683
847;11;1;1;2.65920510477491;5.19065781609471;62.915156893167
848;3;0;1;8.25412289937771;3.28431575129197;69.9188574781476
849;7;0;0;7.40732262487733;4.94239581558259;66.9510546201355
850;3;0;0;3.85778091458202;4.51894338931968;68.8176534485913
851;1;0;1;5.91362582524784;5.04521810553162;67.3351538446972
852;13;0;1;3.89428211506118;5.72332782784883;62.973979410016
853;11;0;1;5.52983405432348;5.0029360941831;63.7322031877806
854;6;0;0;4.81634746816917;4.02189783389708;68.0726216587414
855;4;0;1;7.61615899525303;4.39782201865955;67.1984613380918
856;14;0;1;3.64312058648232;5.89525139553459;63.8589214282476
857;4;0;0;7.40958088353744;4.18624460719244;65.5976877026617
858;15;0;0;5.54033071894008;6.49317377787681;63.2273921864074
859;7;0;0;6.67993277083448;4.3887491965979;64.9530244352502
860;6;0;0;8.11093427236005;5.18134036298336;66.2025096295741
861;5;0;1;4.58059614238556;4.28388953953132;65.3551282278482
862;16;0;0;5.36906818008207;6.17187390906143;63.8579743482837
863;2;0;1;4.13635148095319;4.37466741706842;75.1511698964315
864;5;0;0;3.10684409127122;4.81075385713028;67.8147843893729
865;2;0;0;8.57156858633981;4.24083050569422;71.7859231622625
866;9;0;0;5.98068803232038;5.31400741295329;58.5547065353681
867;7;1;1;6.09262666876715;4.70353997885953;69.5203632495916
868;1;0;0;4.37294277408694;4.1030988339958;68.3452054559598
869;6;0;1;7.75110473240209;5.68531302013441;67.5465183330463
870;6;0;1;5.91714615554088;4.73472358892136;71.7040433207602
871;2;0;1;4.17655772098803;3.92948800615829;70.1628490161701
872;9;1;1;6.83986124707895;5.96030560395957;62.774523116192
873;10;1;1;6.13632582233567;6.42375914205521;62.9712399999316
874;2;0;1;5.73258128959372;3.56627896365165;69.1073668742882
875;11;0;0;6.58561459412754;5.53364059482993;60.5195930325975
876;4;0;0;6.51042370902705;4.82004906791424;68.418684766143
877;6;0;1;6.78715710753169;4.7754132921199;69.0761274505303
878;5;0;1;3.28656713605188;4.59231817734413;65.2402242041548
879;7;0;1;5.05745672699017;4.31467378081349;69.4755503016224
880;12;1;0;5.58002267301927;5.6036650442033;69.972403897736
881;3;0;1;7.32009612525509;3.90279728238454;66.8048271247217
882;4;0;0;7.3893310969079;4.36526639743025;68.6663262366914
883;13;1;1;4.97197789737795;5.29225800457831;66.132235579471
884;7;1;0;5.67853261698766;4.90441861211873;70.3240159715397
885;6;0;1;4.14278854211382;5.02700222108899;63.3781218893365
886;1;0;1;8.01485777783663;4.5298332003343;74.1165791234418
887;9;0;1;7.24827594424963;4.86914284173064;67.2028104392109
888;14;0;0;7.58295208088978;6.11959616239274;55.2155734484144
889;1;0;0;7.21918517213825;4.41326918323956;68.0271112647649
890;5;1;1;5.20899315527284;4.43227599663575;69.1558825484433
891;1;0;0;5.42709135218523;3.6664235204966;77.2482695408776
892;13;0;0;7.64269206537247;6.37274909950793;60.1334785979672
893;1;0;1;5.09801887930026;4.60132144928563;71.7667471153904
894;7;0;1;5.34369951598567;5.72026617436759;68.9160062132808
895;9;0;1;5.1217704974213;4.64805798731644;62.9720879999391
896;6;0;0;5.65786107340702;5.08361041936049;66.1317394460706
897;6;0;0;4.98714492414271;4.6668326986521;69.447103160847
898;12;1;1;6.98115744479458;5.15640058342319;63.9626200183101
899;5;0;0;7.97659081301421;4.92800052940977;65.8649581535047
900;10;0;1;4.96389478908585;4.38751006504153;69.256198600648
901;3;0;1;5.28623645011122;3.31368442104373;67.0048260376693
902;13;0;0;6.84791850128199;5.76162224376751;61.0833667760793
903;1;0;1;5.07589444175225;3.79238403193517;69.9843255741277
904;2;0;1;8.84143067071808;4.87472557848989;70.4980715025605
905;15;0;0;7.47263993350864;5.95228783861376;56.1143035856505
906;5;0;1;4.5919902963173;4.55625240239868;70.5555787613408
907;12;1;0;7.59432521645978;7.21005975664611;61.185390229496
908;16;0;0;6.73911096624117;6.57682225286938;60.2039209337092
909;2;0;0;4.21531317760353;4.40059658088042;67.2963925293991
910;8;0;1;6.15242837383901;5.22029770524718;64.8031193091046
911;16;0;1;4.05153803986411;6.32781302628515;64.9040883199848
912;15;1;1;7.92758859756326;6.40680931910473;59.4969697324291
913;10;0;1;5.22665619522159;5.67946164912351;70.5238996730559
914;4;0;0;6.30715246026248;4.87103023662926;62.0283643404516
915;15;0;0;7.33203285766337;5.91966818419582;57.6061257909815
916;5;0;1;5.08460058855082;5.34181507290477;67.7598272977378
917;5;0;1;7.08160566393031;6.14068563064097;68.3209903505368
918;10;0;0;5.71203640237615;5.71711811337334;65.5788725359663
919;10;0;0;6.43792664886149;5.45640198631286;62.564238750234
920;16;1;0;7.78638733039993;6.34437259497772;67.0065690467563
921;15;1;0;7.01804429940032;6.30857816778279;67.132176734468
922;2;0;0;6.2475093506424;4.37441278407821;69.56095398752
923;4;0;1;7.87400475367591;5.00437524889364;68.5755127757851
924;9;0;1;4.49485662842395;6.16595909888712;65.0787495370561
925;10;0;1;6.66550057164678;6.09569281178219;66.7257780927713
926;4;0;1;2.94941334406914;4.58698419077524;68.3818614355278
927;7;0;1;5.72431953529327;5.21051795808552;63.339279513387
928;7;0;0;6.14673724209307;4.74803631158195;61.5790730498211
929;6;0;0;4.24934385913169;4.95984098525546;63.9039184348218
930;2;0;0;7.29076560980566;4.24412110567884;71.6969803984777
931;2;0;0;6.87687906134012;4.41628641630114;68.7829747758995
932;1;0;0;5.35626663054251;3.99650531377104;67.647835868861
933;1;0;0;6.12386103237713;4.12990185177659;66.7395987951665
934;9;0;0;5.8573466215669;4.88683874049128;69.1233147351753
935;3;0;0;5.03957692941203;3.63771640900614;69.5165144948508
936;15;1;1;5.90258373841287;6.36293760083128;59.0165737800321
937;13;0;1;7.58237226386222;5.40872844572235;59.4908317264272
938;6;0;0;7.92867579703467;5.7575580307838;65.5897847026908
939;8;0;0;5.39265291004586;5.23081112899147;65.9161545421671
940;14;1;1;7.58567193596583;5.67854282870939;70.6674224928731
941;2;0;1;3.53393160476041;5.10772581749073;67.976456279319
942;8;1;0;8.78818637684914;4.71651685402153;63.4812517293115
943;10;0;1;8.32320620934712;5.69809174983363;66.3743931114779
944;15;0;1;5.49314978345257;6.08833857163778;61.4870513731166
945;7;0;1;4.64625238861278;3.94081745360404;63.6979122695309
946;13;0;0;6.35320298944248;5.21102147457407;53.6345593774995
947;5;1;0;3.50672123539665;5.50171781397866;70.7649188747902
948;4;0;0;7.92222607410868;4.8819380222263;63.8093601696994
949;9;1;1;5.91407725739;4.65259654517925;70.587105363407
950;12;0;0;5.19604926706222;7.01565108166378;66.5100325685922
951;12;0;1;4.71614285490315;5.14220573887503;62.0271470327211
952;5;1;0;5.83016375881967;5.44855356570319;71.5459675826387
953;6;0;1;7.70828873807531;4.89007018732591;67.3858690429426
954;12;1;0;8.06461919157184;5.26897645318885;67.0596751320554
955;2;0;0;4.16690699263049;3.79960028837896;68.8869103637715
956;7;1;0;6.23329098300627;4.44327743441523;65.5260232272242
957;6;0;1;5.90062448514547;4.66779499846398;71.3860054913748
958;3;0;1;7.02228732020943;4.53779102344551;67.9567478207827
959;11;0;1;5.31203491056546;6.13500099564474;64.0140966094243
960;15;1;0;6.13451149919776;6.26877864007501;62.1969163074251
961;3;0;1;2.35371771711629;4.56974177935864;68.2258784111771
962;2;0;0;8.55892752132761;3.90166236856618;66.546801346507
963;13;0;0;5.58253159158072;6.48832053337697;61.6232785470316
964;15;1;0;4.92159602147798;6.44621548265828;63.6957887667337
965;4;0;1;6.76800006510926;4.37743780316273;71.4245254055903
966;5;0;0;3.40149436728284;4.48451366512089;69.6049763051137
967;9;0;1;6.74009949879088;5.54846226906789;67.1429168414795
968;14;0;0;7.3636330006654;7.02245071767336;56.9697276698437
969;2;0;1;7.66743957723421;4.74788309287841;71.8534793062845
970;16;0;1;3.47933867691691;6.7925230139938;60.514428543875
971;1;0;0;4.33790318254355;4.47675846493735;70.5071771618263
972;5;0;1;5.09109110334089;4.10769570155551;68.4551372661846
973;12;1;0;5.46030461258151;5.68331121031787;64.9213920908748
974;2;0;1;5.0266925460828;4.86929459754538;71.0980438859229
975;1;0;0;4.48949558085733;4.23973839397388;72.7046150576815
976;16;0;0;8.94555062499716;5.89641997924829;59.7326710639168
977;14;1;1;7.48982550445458;5.66789389063832;65.866732415085
978;9;1;0;2.401561830442;5.2228191857396;66.0436495718205
979;6;0;0;6.59239011463237;4.33996153160237;67.081072745044
980;3;0;1;6.21248821917428;4.26850225922063;67.5297917971023
981;10;1;1;4.78037745557035;5.54419234621374;71.849305325561
982;5;0;0;7.77912010534023;5.00798726344136;60.3684480515514
983;8;0;0;8.75488388773;4.75375309462001;65.8860406115403
984;1;0;1;8.62476330588042;4.15071720691681;72.6397006190857
985;3;0;1;7.09606902452144;4.08371878254318;69.6721401054964
986;3;0;1;5.35121086914431;4.56851739611657;70.1350253208109
987;12;1;1;8.48943088464356;7.31443909334954;65.5694605847837
988;10;0;0;7.0337945660772;5.92365605124423;66.8292434850627
989;6;0;0;4.55721497397024;4.60952856469408;64.7970485457606
990;15;1;0;6.502697586275;6.78492458340685;66.023897560992
991;1;0;1;5.21813126098431;4.52542420297195;68.6841698544985
992;9;1;1;7.678501164895;3.53020770580819;72.1066419012459
993;10;0;0;7.53647948500646;5.39845254156756;63.3007433014727
994;6;0;0;5.81125025663755;4.71641640270228;66.5626940869265
995;11;0;0;7.35975020601248;5.59332326075539;65.4026216325582
996;7;0;1;9.25119718012383;4.64265839878428;64.3854461603264
997;3;1;1;6.75172210397057;4.12858705512211;74.0575007765012
998;6;0;0;5.85657146809564;4.92977588957128;67.2409078019702
999;12;0;0;4.24491581891535;6.13017571744469;63.4752737319501
1000;6;0;1;5.45900291864149;4.97736772816949;67.2021085396469