"id","age","vaccinated","dewormed","fur_length","weight","adoption_speed"
1,15,0,1,31.6366746572798,20.8023151835918,58.6052078561896
2,15,0,0,58.111228024083,25.7805003738654,35.6622344560664
3,3,0,0,66.2858322153871,19.8858836684532,48.7959788336245
4,14,1,0,48.306612404125,23.0163061392007,52.92591393192
5,3,0,0,58.5852514396662,20.6587559128221,50.0916084811101
6,10,1,1,45.5840322116239,24.998702893991,62.3279036798115
7,2,0,1,60.8585836753438,15.0006765057005,51.2454085762837
8,6,0,0,53.7217877826927,23.5021864177902,53.8080798629374
9,11,1,1,55.0396503480584,17.6746418843606,49.4470299556463
10,5,1,1,36.8762936234894,21.6956128503484,69.1043523130064
11,4,0,0,42.9650863521899,20.3948933169744,64.4027786818982
12,14,1,1,44.2877064353211,22.1196073098462,56.1446669714539
13,6,0,1,47.4599035378095,21.0238194038193,57.2616132972792
14,9,0,1,36.0080336755234,21.6454450650441,61.5597825137525
15,10,0,0,56.3038489211058,21.9242888785426,43.6249200295305
16,11,0,1,40.9163705787648,22.2074999454711,58.2151805421569
17,5,0,0,52.9139934263459,16.2823112563765,53.5628570539775
18,3,0,0,33.8629196145808,23.1119774638144,72.7235588076682
19,11,0,1,40.8829545006038,16.8332669903536,54.387596474115
20,9,0,1,70.9403216959931,24.2196370845869,36.7592931116375
21,12,0,0,55.607870866514,20.5482754804812,47.2696680417585
22,9,1,0,50.6452987544639,21.2321308400311,55.3442638403838
23,9,0,1,38.586423013057,22.591513601151,56.0204319906537
24,13,0,0,43.1287954445016,24.926226351854,53.3324541218622
25,3,0,1,40.2064158050182,16.189501377407,62.9901990526611
26,8,1,1,54.6051894664166,17.5831366939301,57.3492860212608
27,10,0,0,70.4401526078014,21.5410339206209,33.6373995304288
28,7,1,0,65.7020900537657,24.5274730678882,45.0435878898725
29,10,0,0,51.7119022072469,21.1467137046062,46.4562537451066
30,9,0,0,45.8991428067344,25.350171748312,53.102233854893
31,14,0,0,64.1538014694189,21.5513332627664,33.7597952757277
32,3,0,0,62.1654967552784,20.554393353079,46.4127355310501
33,4,0,1,48.0772343114054,24.9834692492162,60.3547731525157
34,14,1,1,67.9138752775548,25.586131093667,34.6307922248367
35,1,0,0,54.6865126016772,18.4654749885674,54.9613487810845
36,11,0,1,42.1516386271594,20.5854864949752,59.0901851296607
37,7,0,0,40.1248832193099,23.0897475357311,64.5337524452088
38,5,0,1,42.9010653346776,29.2533128504036,61.0508532120382
39,12,1,0,54.4255120663431,20.256692829478,49.8327468652027
40,15,0,0,45.6779765874746,21.7948988755701,50.9895405511043
41,10,1,1,45.0411771118265,20.6389456696321,59.5499314570537
42,13,1,1,38.3989551722272,18.1677305316302,64.571999791484
43,7,0,1,64.3008461818541,13.4862459061931,48.6978657918305
44,9,0,0,50.0364752573586,20.0522525620077,50.9571269450074
45,9,1,0,59.8597514758317,18.234744842673,48.8827100757767
46,10,1,1,42.9963626786394,21.5412562561511,56.245860897962
47,7,0,1,39.0845045085589,19.9769501872795,58.5165974995019
48,11,0,1,36.81604327527,18.8424301838272,57.6818996008455
49,12,1,0,54.585055292073,22.5897069643955,48.9112798780455
50,5,0,0,47.3347773549399,19.9381156449431,54.0030489354341
51,7,0,0,42.556113395236,20.9476838847144,62.2307769954323
52,5,0,1,57.6621199151383,16.0996135817028,48.2598326257217
53,11,0,0,50.2785142348818,23.4659080121108,47.8510810619476
54,6,0,1,41.1357138423859,21.1992755797412,57.9471097550174
55,9,1,0,32.345190671811,20.82973475223,67.1869831060744
56,2,0,1,59.3047688915097,18.4231330503724,51.6000475402298
57,13,1,1,28.5787757343021,22.3712343438793,67.8281910594061
58,5,0,1,36.4523796365717,18.5806044015116,56.4044910459116
59,8,0,1,59.781834754804,19.5183293423825,45.5103508507878
60,12,1,0,60.4878517062032,24.0025919170868,44.6576473493337
61,15,0,0,45.8668360421284,19.6874394092776,52.4679035802411
62,13,0,1,53.5637496415547,28.5737216415224,44.1170332803758
63,2,0,0,45.0732494504012,14.7602394774345,58.563751356681
64,1,0,1,57.0371942902679,22.3215174208327,60.3401969050865
65,9,0,1,54.8958811141943,19.5031589837529,48.9626428724446
66,11,0,0,63.2098528205102,23.01651527328,42.1490017493182
67,9,0,1,57.2604425030947,23.8897603812838,47.4021091214826
68,6,0,0,50.5669012484159,24.88963915221,59.3726723526962
69,5,0,0,41.8471840559751,24.5657541672859,60.1448681100766
70,15,1,0,51.0643851580667,21.6304150265015,47.4846085137293
71,9,0,0,45.6927021427016,18.6887698989194,61.49689283634
72,15,1,1,48.0767299709509,22.7838298277843,56.74201829952
73,10,1,1,53.2151558162455,25.3333708077422,55.3953924629908
74,12,0,0,52.7029875805424,24.256222881085,46.5622241899416
75,15,0,1,32.8984956447629,21.5219416967499,58.70745467075
76,4,0,1,53.2275880809006,21.522840708103,52.2311424849231
77,14,0,1,47.3909952865883,22.4164729924138,54.7457383963627
78,6,1,1,46.9030850044588,23.7321052369727,62.9137750279184
79,11,0,0,25.541999043263,25.7523969909484,66.9022161132869
80,8,0,0,35.5296809208172,21.1989372159067,61.5975673344734
81,6,1,0,52.1737780105526,23.6534604373604,57.6053054407776
82,6,0,0,55.6557231826816,21.8868823178071,54.4434811491933
83,7,0,0,54.4963605296258,24.0037689488729,48.8351240450497
84,15,1,0,51.790372452157,21.1827476210833,47.1291189632303
85,1,0,0,46.0821465888463,20.9982045856073,62.2597624806716
86,6,0,1,50.7951622558264,18.4379659035504,49.7332129272336
87,2,0,1,50.2588750366049,19.4184216914812,62.2854751143652
88,1,0,0,52.383440392387,20.7530293901031,58.6194077026701
89,2,0,1,53.240249057288,16.3665381463124,53.9750970787441
90,4,0,1,51.6934953654124,17.6334889745236,56.7028269872082
91,13,1,0,64.0813176308833,22.1944821996841,42.1258630519549
92,5,0,0,60.0991801293416,21.8528219294569,47.2520298368026
93,6,0,0,52.553928101371,21.3264338337581,46.0350521607911
94,15,0,0,56.65089888867,22.8864629429536,37.9382122237417
95,3,0,1,24.1086172826278,20.4429565882909,73.7959893482409
96,9,0,0,47.5608307118904,19.9402694473207,56.4344459145792
97,4,0,0,38.9403769484727,23.3207606439072,67.1607711323723
98,6,0,1,62.8073736898872,21.4929539157448,44.5058373588848
99,9,0,0,50.1611165006837,22.3925558191857,52.7617246734157
100,14,0,1,43.2636951392041,19.79802040495,54.2600464157996
101,9,0,1,54.1717293291024,16.4204970000545,45.8958984367287
102,7,0,1,68.1568251357799,18.560271040652,37.7465553274466
103,3,0,1,44.315436654597,19.4729229041573,60.8867558844662
104,8,0,0,45.9012558920276,20.4960217644688,52.3949191770674
105,14,0,1,44.8756477881378,22.6677768197216,55.5371500316788
106,12,0,1,44.2775752230618,20.9769368668544,54.5364567104636
107,15,1,0,59.028275846189,20.0338724214985,44.5850381197277
108,9,0,0,42.5198806177109,19.092652520868,55.001384170105
109,14,0,0,49.1990098946079,20.2338652430094,45.7435793476895
110,14,1,0,39.447184816281,21.4824503005238,56.4781943600535
111,3,1,0,52.720364377339,22.0910291632488,62.5919637973152
112,14,0,1,48.0471820033722,22.156091320447,50.9120126590095
113,13,0,0,37.1640070668535,20.1552246445457,56.066433629336
114,7,0,0,43.5815905023183,21.2617895444489,57.503946013694
115,3,0,1,40.2933675699888,23.0865072034987,66.958396995875
116,7,0,0,37.0765381034814,18.5369092418673,61.2923039956436
117,6,0,1,41.3729598185498,26.783918575406,59.8177344362155
118,10,0,1,28.3813421566879,22.169537814893,62.6887346951466
119,15,0,1,63.6807697371797,25.3993330332368,35.5362518580205
120,5,0,0,45.0316015701337,24.5164295588031,53.9377190248279
121,5,1,0,51.5637446696855,19.1182279051928,62.9776771490083
122,8,1,1,50.4243094455612,20.4756472197881,54.3352984680119
123,3,0,0,52.9982883510631,19.2564006731792,53.3537708515578
124,10,0,1,50.2178191290074,22.1605725066114,49.2265942871802
125,2,0,1,57.5375598964213,20.3910732097518,55.7700559756607
126,10,1,0,60.6726361796368,21.1082437998763,48.017687757008
127,12,0,1,43.3060368004265,20.4992900256751,56.2259667073717
128,2,0,1,35.0150663354113,21.6871421087846,71.4353074687265
129,10,0,0,52.4366875899319,20.4972221152561,46.8599452018707
130,6,0,1,48.8039785626105,24.2715859809138,56.9469238149164
131,15,1,1,41.9239711100223,22.5565482566408,57.1552642685679
132,12,0,1,50.913180272837,21.7084691828117,46.8463986624974
133,4,0,1,59.2576092895358,20.8279134775216,50.3975121367043
134,14,1,1,50.5379043537762,22.0032817293297,51.6011636724209
135,1,0,1,37.75431104933,20.6295633183297,72.6202905344496
136,14,1,0,53.1769023112382,24.2222457905517,55.0174419114121
137,14,0,0,38.5455201931411,24.0869892729949,60.7118379973565
138,6,1,1,52.7393584193325,19.7211849839513,62.0324958367697
139,3,0,1,52.0349116870197,17.221415584656,55.1004257384083
140,8,0,1,65.1236232932748,21.6821564058401,44.0345189436329
141,14,1,0,48.0979273204279,20.8340673119826,55.4745460889639
142,3,0,0,57.3398200910647,18.846092567553,55.2228221324771
143,14,1,1,58.854386865416,22.2625351222523,49.3321818496354
144,15,0,0,47.9128930281865,18.7439490830894,48.1063636845631
145,8,0,1,35.3069966550467,19.2239707772837,60.3036594352118
146,1,0,1,49.6466039738548,18.7679282757994,63.8350692735573
147,7,0,0,52.9990144763468,23.6089355128912,54.3717605119618
148,11,0,0,53.9163711640414,19.2426299556915,44.3938395011131
149,7,1,1,51.7402993388766,25.6553012920505,61.1467724083473
150,13,0,0,47.8804221134815,24.637015971176,47.7928168443349
151,15,1,0,60.9060298287784,25.8535379212711,42.1784263687905
152,7,0,1,49.6976188287289,23.5831707713396,54.1621498643147
153,10,1,0,49.091926897439,25.0412802574391,61.0591962426172
154,6,0,0,54.5725550686371,24.3597894781741,50.9659662999097
155,14,1,1,53.9260441199242,17.4741689815607,50.5419624184264
156,15,0,1,67.5971038995352,21.652789355696,34.843513626278
157,7,1,0,62.939956948279,23.0433721382352,44.2574844723835
158,11,0,0,59.8258762165495,24.9928520946968,38.9526912733738
159,10,0,1,52.6220145254294,24.1841417224181,45.2303952375701
160,5,0,1,43.6579836444392,21.3161260041786,61.6899430576192
161,6,1,0,39.1195381141658,19.7712207498891,68.1407625201961
162,8,1,1,40.6698387886418,27.172527436824,65.088796130216
163,5,0,0,41.3685414978926,23.5220208983614,63.26516157871
164,7,0,0,55.0238220410811,22.9455333571348,51.6928314046911
165,11,0,0,44.3520495451411,20.3952908226045,54.5294584628978
166,4,0,1,48.2350850081036,20.2104273304528,62.427647160069
167,12,0,0,63.2140317688275,21.9635708020409,39.5569273937453
168,14,0,1,52.7256807551212,22.9252152588461,46.9413233664279
169,12,0,1,50.1105621600882,20.7347600703254,49.856909646494
170,13,0,0,42.1945372691684,22.8134930023818,50.8280949531158
171,3,0,1,42.9889941740877,26.4695563726734,61.790404566501
172,9,0,0,42.4063513304015,22.8633664761859,52.4482778091773
173,7,0,0,48.297400957118,13.6099099496997,54.0818988174368
174,6,0,1,43.4371415421919,22.2293998658515,61.6047926898606
175,10,1,0,51.575442341715,25.7065249256847,52.8015800455742
176,9,1,0,60.9341476021905,21.9035542578371,49.4065089518315
177,7,0,1,53.0104243090724,20.6196688641379,53.3264483204902
178,2,0,0,44.4151061213962,19.4820522193656,57.0554124083548
179,13,0,1,39.2462412383937,27.4024099405133,54.6415530535201
180,3,0,0,52.0078737236919,22.4907220585916,54.8216609921666
181,8,0,1,50.8402028454532,20.6108655689866,56.5705183953846
182,4,0,1,40.7360130046722,24.309734691215,68.2852384419304
183,15,0,1,53.8670071071837,21.6055850515263,39.1118908484748
184,7,0,0,56.6041789260333,18.371857130285,50.4341099934132
185,4,0,1,47.2391196940809,23.0105835062739,56.7714739578764
186,1,0,0,53.1282214116053,21.0391320546425,58.9883238121893
187,8,0,0,43.1425048213463,22.8543096982636,56.2555972035214
188,14,1,1,72.682044574342,30.0609271260151,35.8167087391303
189,14,0,1,33.0783947525579,21.1472307638529,55.0891560856374
190,4,0,0,55.878375139535,19.8306799623485,56.8514602662715
191,9,0,1,50.6640785795855,24.7830313444075,53.1318921488295
192,8,0,0,35.9534387604732,24.6399493166438,52.0091722096854
193,6,1,0,46.5720246478318,14.137323666373,63.0708572445199
194,11,0,1,42.8674298171743,21.6492270492098,63.3315291070205
195,4,0,0,45.0378942639759,19.5237567578119,64.7198331997755
196,8,1,0,43.2837874437504,25.5633841560979,69.5846764779817
197,3,0,1,46.6845054228561,21.1112115285839,57.8098229448573
198,13,0,1,51.7127611520946,19.2806515027151,50.9727315775622
199,4,0,1,40.2060767888998,21.0266711650892,70.1487066187933
200,4,0,0,53.2099407018977,20.1940763739404,55.4489475948722
201,12,0,0,40.8812884508409,18.1787026567569,53.3849129533609
202,6,0,1,63.2086542799529,19.325776765476,47.8462460370794
203,1,0,0,48.5530144726442,15.1160694432306,63.1968600109874
204,10,0,0,40.2899548577275,26.0320288522116,55.0559990157437
205,11,1,1,47.3592920071577,18.310682302792,61.7591930644972
206,4,0,0,57.383104523492,18.0370334148695,48.7611092956341
207,11,1,0,53.323746152784,23.5302531077848,56.7517820922133
208,9,0,0,46.559138585532,23.8567108561692,55.7229151892188
209,7,0,0,67.0559274729386,22.1137841083231,41.4744718624841
210,8,0,0,53.0669903630339,22.7275130830136,51.2284762739368
211,14,1,0,47.6619380622354,26.2054803519745,50.4124806284208
212,5,1,1,44.2762416630076,20.6671645237659,68.7822048719151
213,13,0,1,61.8807890746117,23.7728499600085,45.7055652936507
214,2,0,1,55.4821090120756,21.6011172268725,54.7360627178787
215,11,0,0,34.7776981777863,27.6571770597222,59.5957498845636
216,13,0,0,60.2867725829217,23.9084088857174,40.3146730165484
217,14,0,0,57.8919370350058,20.3464916742932,40.8605154629638
218,6,0,0,53.4093759423337,21.7140984598523,50.258609827858
219,9,1,1,35.0563331678463,22.4041111218191,72.6904059351698
220,8,0,0,47.744564067071,21.5847162004267,55.9329731531004
221,12,1,1,46.9226297560851,20.2858889267276,58.1276227079081
222,10,0,1,51.7766708206277,23.3909920897903,53.2423320289914
223,4,0,0,27.7433657753084,17.5379713793278,67.8873411046824
224,13,1,1,59.7474095237932,22.5215583528838,41.361631550842
225,13,0,0,34.3208610619595,22.2709730840344,62.9794645711824
226,14,0,1,47.0986516459737,24.5027432924479,47.6457358799983
227,5,0,1,39.1433753116574,19.3423818533039,63.6568734345035
228,7,1,0,45.1280728868708,25.8176763060661,66.5290912770854
229,13,0,1,41.1722721904807,22.6036195605078,54.4707671044737
230,1,0,0,51.8685186832247,19.9148462623936,63.3098241321312
231,8,1,0,48.3636094867357,24.52611308979,51.1429807817037
232,8,0,1,49.1169441921352,24.9725355779144,54.5968715980711
233,10,0,0,56.3591745934829,22.9165187244649,49.3327496956778
234,9,1,0,59.9613760971867,25.3501960974415,50.383588249935
235,8,1,1,60.8672979960286,21.6901958348303,50.4877823909716
236,2,0,1,54.768876148958,25.8209294603771,58.6858863201612
237,13,1,1,47.531845736173,27.5056680821756,57.9493580888585
238,5,0,0,41.2064912777387,20.6666883930532,61.6493408474028
239,9,0,1,38.2523485858401,23.1149867276269,55.1037860802965
240,7,0,0,63.1353063325151,20.21735175278,46.3785126053637
241,7,1,1,51.0163495607336,21.0327967156497,61.5010742991488
242,10,1,1,69.177559763841,17.3414443537212,40.5816093391762
243,13,0,0,57.7205525776047,19.5307364619091,37.1967264275697
244,12,0,1,56.0817937179646,21.4890993603781,46.6224647365126
245,10,0,1,48.5019136017614,23.0525006520958,52.074328066848
246,8,0,1,59.029537847698,20.9395051866678,48.3172766018592
247,15,0,0,60.0686185393862,20.4458489203746,37.6830919643616
248,6,0,1,28.9554112274509,25.0411422920077,72.0839404939599
249,7,0,0,49.4463707070268,19.8751531117931,50.9009957717097
250,10,1,0,48.5725737184732,25.6274609125179,54.3848346217368
251,11,0,1,54.4818239531811,21.730289955017,53.8193867565228
252,1,0,1,69.3783854165727,18.1003978857411,40.0690753833527
253,9,0,1,69.3048278756525,18.2790303852013,34.0331740419884
254,13,1,0,56.3757638396926,24.0669678254683,53.5448505950108
255,13,0,1,53.7854227725626,25.4883048848939,46.6943666876768
256,3,0,0,76.4417154358987,20.7869285989668,30.9582737930051
257,10,0,1,57.2515730122525,28.3004263097295,50.146727855502
258,5,0,1,36.9053790367339,26.5685883880742,64.7839459307322
259,6,0,1,41.3113678017549,23.1679128295084,58.6018367608798
260,13,1,0,49.8643114324414,22.6107306644871,54.2800965386438
261,11,0,1,59.9947208973978,23.8140078552136,41.0979529120301
262,11,1,0,44.1110983090569,20.5756091772181,55.7232086341062
263,9,0,0,55.4369246297599,22.4768170712709,48.5783349841521
264,4,0,0,36.6233262362701,25.9247717618949,65.7993823717603
265,10,0,0,52.930553070366,20.1136292175306,49.1383734164804
266,7,0,0,47.2976816386053,20.9092961741929,56.127748070144
267,9,0,1,63.1005224880697,20.9727478094461,41.1292041091804
268,7,0,0,66.9318875929913,20.4284652940571,44.0355965305526
269,10,0,0,51.5031419247553,20.4833115909614,49.8227454711739
270,4,0,1,53.1455432456706,17.873317831043,50.2193174960291
271,13,1,1,49.4800556826432,18.4251767166789,54.1631892429698
272,8,0,1,59.561090275702,23.0878693944051,45.9907611227809
273,9,0,0,51.9390719090425,24.2456998855373,51.6181491032775
274,9,1,0,44.519689904305,23.2887165976847,59.9783800985989
275,9,1,1,53.0596372567719,22.9079551550059,52.6606496403114
276,5,1,1,42.7723003148797,17.5386135681318,62.1268438873749
277,7,0,1,40.4958148756639,24.7521168174103,58.5668037984222
278,14,0,1,52.1306373550019,23.94787262172,50.2763966035007
279,14,0,0,56.0949716191843,26.5455025138184,44.2826391908469
280,6,0,1,54.4238796694087,20.4126682381568,57.7161103690991
281,11,0,1,46.4306038435274,18.3057715968456,53.0788409214539
282,1,0,0,67.5191672586812,23.875617166078,45.9841543816731
283,10,1,0,41.5117709057778,18.6431411539543,64.1029179561791
284,10,0,1,49.6315095037795,21.2128609870237,56.2976862709415
285,1,0,0,45.5523647884952,24.0378436644574,62.4107101001461
286,10,0,0,54.7851811482487,21.4973950258397,50.3360594422887
287,1,0,0,49.2213755970863,18.7477091894393,60.1948709431475
288,13,0,1,49.9639037639619,25.0241497000568,51.0202922242995
289,10,0,1,54.8983101743714,19.3989891990412,45.8638413749733
290,11,0,0,37.851375296809,20.2027159264792,57.4304071086574
291,5,0,1,48.0290315436246,23.2072128358908,58.7188906595713
292,7,0,0,67.0865089908714,21.4381880435846,40.9286458145757
293,12,0,0,42.4039861643174,22.228716329143,51.0232511397573
294,5,0,0,59.7236956545031,14.413913932482,50.2918567110769
295,10,1,0,39.6815961706057,24.4089451120514,64.0579748746857
296,9,0,0,57.6858662660096,23.7348793781221,46.995042908213
297,4,0,0,53.0128505996004,15.3818844905816,51.3202432996451
298,6,0,1,54.2456058064873,20.4420252430651,55.0636723475636
299,2,0,1,50.0657105667664,19.9667671037588,58.659484170051
300,14,1,0,57.4129774851192,16.9426775353062,44.9211529624934
301,15,0,1,65.590074874112,19.5392671624435,33.495769916093
302,13,0,0,45.8283124846758,22.238539366045,53.4675616982439
303,1,0,0,45.7967703699887,18.3736869676142,59.0317561285661
304,5,0,0,56.9718586446273,21.4250842348852,50.2412975325723
305,9,0,1,47.8903839108412,16.7888729260128,52.1673122270414
306,4,0,1,65.4108549756465,17.8137446617227,41.5636431520353
307,3,0,1,52.8483195966302,25.2274227325623,55.771057543725
308,9,0,1,53.2196137608138,22.4936753756704,44.8515396101123
309,14,0,0,39.3147393125673,18.7357015973989,52.2414435427653
310,1,0,0,64.2571586185932,16.8264445791331,47.382009248146
311,2,0,0,61.9957020023391,19.1232507547862,48.0524858780775
312,4,0,0,33.2196359312989,18.2361812265812,66.6040753557111
313,10,1,0,68.2880616342242,17.8024808857842,39.0569465885596
314,1,0,1,44.6479114391505,23.4064003928586,63.2396067627644
315,5,1,0,41.6433935900041,21.7935906652637,59.5814165176422
316,5,0,0,42.4153009959102,22.9944163786881,62.514478778514
317,9,0,1,36.7587009830344,19.3517637917813,64.922516949617
318,8,0,0,57.8846747109404,21.0997474014344,45.954295349042
319,7,0,0,36.232815350112,15.8901269271276,64.4974675841304
320,9,1,1,39.2960475842237,22.0839965744047,65.3419099830265
321,5,0,0,40.1325906858589,22.2497446905437,59.3130723060669
322,13,1,1,55.3658618418783,25.8211076213127,48.8016432926147
323,2,0,0,45.5479341608062,19.5019489501297,59.5671939606697
324,10,0,1,49.9649856301743,19.6182338818998,46.5172648358211
325,15,1,1,43.7618590457126,22.6299672709932,56.7738589094258
326,6,0,0,54.6084692520159,24.4304073432239,52.5981368883295
327,7,0,1,44.2247988016158,21.82985379187,55.8783014220219
328,13,1,1,66.8760856568398,22.7835871162504,41.2975271697988
329,9,0,0,50.2566051708913,21.7989001506766,48.2280178944981
330,1,0,0,44.0969283831908,20.2268117386954,58.9411664701402
331,5,0,0,63.8202180321928,20.9513793962149,41.2935518809717
332,13,0,1,50.3190133667434,22.6911525074506,49.0587509977139
333,12,1,1,39.9749330597758,18.1026023711307,61.8887282186318
334,15,1,0,40.4433492498876,26.3216083554387,55.0207016725411
335,5,0,1,54.9056567640341,21.7222298255519,51.6760615565048
336,8,0,1,38.2058262761905,23.7157502466758,61.2207298865485
337,5,0,1,65.5675442590885,26.5860352726771,45.673600494296
338,15,0,1,40.9573899485143,23.5673155534867,52.9005947780729
339,7,0,1,34.9729709707324,19.4073928461706,62.8117087416896
340,4,0,0,34.351626369892,20.1001785182646,62.9495590906825
341,2,0,1,40.0582734970629,19.229817314316,67.1577744486916
342,13,0,1,55.5752815567011,16.9725338501761,43.19962217873
343,1,0,0,30.6722046068103,18.9253038542342,66.2898885964541
344,1,0,0,45.1192065891516,14.198098059538,66.7214689480727
345,2,1,1,49.2930264081228,22.726114398051,61.3436717044689
346,1,0,1,35.8041274698275,15.2964678379766,69.429350462191
347,2,1,0,51.8954845682305,22.5447618491546,65.9985528380996
348,13,1,1,23.7756619668169,21.8708364420173,70.7996427848883
349,8,1,1,33.2305606611878,21.5415412967595,67.8074819098645
350,1,0,0,65.4275628307661,22.7158569975585,51.6250891374914
351,15,0,0,66.812303146071,27.5765470197512,31.1973695821277
352,3,0,1,60.4310166880177,20.1087402339735,46.1493020276954
353,2,0,0,75.4097110466049,19.3750032364605,38.4849012058897
354,2,0,0,44.3822048713614,21.7491918275225,63.9953748543391
355,5,0,0,67.4404599606067,22.683035750989,44.0486225832489
356,15,1,1,38.5854042448215,24.2815070880246,56.7762637495102
357,12,0,0,59.0933344314588,26.3067726468644,41.0981771149747
358,9,1,1,33.0670460235741,27.090789407768,76.6448586557585
359,13,1,1,55.3830841642251,22.0819119839428,50.028993049153
360,10,0,0,28.5286014062146,19.0114987071018,66.223315300267
361,13,1,0,33.4570180238623,27.1071503559868,62.8559381774577
362,6,0,1,38.278593210962,22.4079760336817,61.6940630903927
363,10,0,0,42.6089949743038,19.9631249060386,49.2910497299797
364,10,0,0,51.9250114563441,18.1408253953346,46.2238361413589
365,6,1,1,48.1026234774661,22.1186076828955,57.7269784626931
366,12,1,0,63.3368507716587,19.8627026476618,41.382425520771
367,3,0,1,64.8779749441808,19.9151157397234,48.508140464359
368,4,1,1,58.6057329554745,15.6650596121847,57.9560102754916
369,11,0,0,45.9001176812492,23.9490896086558,52.7093919120145
370,11,1,0,50.0960373544255,28.4397986814008,53.8689958397654
371,3,0,1,48.5573457978251,20.6692880314488,60.92981275971
372,13,0,0,60.0106639740216,21.0407129934606,37.684485189538
373,7,0,1,49.256597142204,21.8927738680396,54.9055529251119
374,3,0,0,42.4761076900396,25.3304288334881,61.6281620699064
375,15,1,1,55.5174178278627,21.8033576222418,54.3126914305971
376,2,0,0,28.2178327860056,16.4235885691678,73.3372700016615
377,15,1,1,50.9251114064225,21.4126686552658,49.45020058703
378,7,0,1,43.1290042175411,17.7505598467903,61.3353634766484
379,3,0,0,46.4982747271682,18.4017425733388,57.391320848025
380,9,0,0,55.9993324867329,21.1421170723608,46.7024381841048
381,13,0,0,52.3244042731087,27.0249442667488,48.467603451969
382,7,0,0,56.249390147503,23.3166310489147,41.941290198704
383,14,1,1,50.2779427838611,21.2652477890729,54.1110950702207
384,15,0,0,41.6121736921609,22.1004422010627,50.3541235612208
385,14,0,0,39.8218941998461,23.0461295700949,51.8900294209333
386,9,0,0,49.5219788569626,20.1571899787383,46.793527670843
387,4,0,1,70.2224486960497,19.8802125688788,41.3608915268923
388,2,0,1,33.0236886682754,17.6332705149577,66.7545294989
389,6,0,0,51.6838284222918,20.994145502862,58.4121557328769
390,10,1,0,44.7776705940693,25.0054918323354,60.4287202713758
391,12,0,1,42.6820996009239,24.1896411193332,52.3347730722938
392,9,0,1,55.5645451770303,22.4456942543079,50.3213829576215
393,12,1,1,47.59437318077,26.7318459270844,57.0117286365451
394,13,0,1,63.6558767075111,27.3137391469329,42.1507411250298
395,13,1,0,42.2125605190989,13.7773068151584,61.4277183951783
396,11,1,1,32.5684344438365,24.1612667768843,65.5386228925167
397,7,0,0,37.8837751389252,21.4423887990019,62.4096710542982
398,13,1,0,37.795342306535,17.9622410484007,58.021454875531
399,5,0,1,57.3130582058338,28.5596390259174,51.7675463059928
400,11,1,1,51.1796923496636,22.3680276904239,59.7703789486891
401,1,0,0,56.0565917653982,18.3632326701375,58.2718157782093
402,3,0,0,52.5526025094932,22.3728740982912,52.3552482442751
403,12,1,0,59.3934316510361,26.0145605508995,46.4560499368787
404,2,0,0,61.899941454866,19.8538152814696,43.4176944904132
405,5,0,0,59.5208277950688,20.6200746848148,50.3619863155099
406,1,0,0,45.716986379181,22.8162896056976,64.1253123901638
407,15,0,0,41.2697992167377,23.3959799675353,54.0005684437479
408,12,1,0,55.3983392427106,24.2265400740649,53.0869968255832
409,14,0,0,59.2503262095626,22.4194260226914,41.344985335204
410,3,0,0,40.3174136896811,18.542527572366,62.2377772216853
411,14,0,1,58.2699543424496,20.5626521221594,40.1704907861859
412,9,0,0,43.054955449627,25.7047655207701,55.4839503319413
413,2,0,0,47.4187005280456,21.0522152065949,66.9136703613662
414,15,0,1,44.9048859220067,27.7470654330859,51.9685329050116
415,6,1,0,45.9088269399666,26.1420982232321,58.4128970908494
416,3,0,1,23.4466815787836,18.6552220963884,73.7764170998184
417,3,0,0,52.5186312895876,20.5246906671753,54.1772096329466
418,9,1,0,40.6844875625985,26.3269611020721,66.0459249372856
419,2,0,0,43.7321353712425,19.9477566395812,64.9122602351772
420,1,0,1,38.9806361815513,21.8298133409321,61.3869083527841
421,6,1,0,48.7522556149554,20.9427471978642,57.9336502805347
422,10,1,1,47.1058351793887,24.8207093976875,54.9453437197001
423,8,0,0,59.445854587092,22.4696753003668,45.6576984441367
424,10,1,0,57.1017737919538,21.4938564520703,52.3316174848269
425,10,0,1,54.9978878741507,22.0699420141984,50.9967786025368
426,13,1,0,29.3424777989566,21.9199503221373,62.9516938636369
427,4,0,1,53.1338961937215,20.8270122826989,51.5585378199135
428,6,0,1,30.6159376632168,15.1629649335502,66.2925432167932
429,4,0,0,73.7708034279436,18.8259525324806,31.5427995052783
430,13,1,1,50.952575631578,23.8648922209369,56.2266047265837
431,4,0,1,37.7174014092193,21.6946135570041,64.0003980304479
432,14,0,1,49.9954720270929,24.1769099066758,44.497300221685
433,9,1,1,51.816233310046,24.7537075596108,56.766855659253
434,8,1,1,60.591296455613,21.8122961439594,53.9358230924383
435,7,0,0,61.65793688532,20.8838180048478,48.4834343911687
436,10,0,1,11.7480723025546,18.248579811427,74.256392841814
437,1,0,0,59.7341265873364,25.2555988060809,52.8983447663876
438,15,1,1,31.2529085037216,21.9936978681965,63.7003356857435
439,2,1,1,56.9630079047179,19.8995126454342,60.7221159387207
440,8,0,1,34.4829079428077,23.5423840596182,69.5037318382029
441,3,0,0,47.8279724327334,20.5322808028224,55.5737470480083
442,10,1,1,52.003340468932,22.5097803429372,57.6869388200901
443,7,0,0,72.4446004400489,16.7180032627797,33.8841881804262
444,11,0,1,44.0186516435012,24.9943714902055,58.9528694246604
445,1,0,1,73.7639885208082,17.8210760841106,45.5692120951271
446,12,0,1,35.771447632597,19.1774431440537,53.6863657223135
447,2,0,1,45.8233703552506,22.6501431256184,57.2591491301068
448,3,0,0,43.2809986655714,23.4242724780998,60.0969004646832
449,13,1,0,40.6069206041527,21.6557977297835,58.7073872401443
450,13,1,0,55.0034253105357,20.9360656591817,46.3967935493252
451,15,0,0,54.9577943063985,22.6135501242325,41.854316584693
452,14,0,1,27.0773425261951,24.4378562592916,59.3901122856196
453,3,0,1,40.3749423547594,24.5916605347096,70.8984760262607
454,6,0,0,33.1416039030716,23.8929392889424,62.11902341519
455,14,0,1,62.2092585828735,27.9870468651887,38.4658087852172
456,10,0,1,58.5895596422817,18.6222542316103,45.1804079177165
457,5,0,0,54.9512506930349,17.7866935611963,55.5543688786843
458,4,0,1,68.9631570296305,22.016960280705,40.5566831903743
459,2,0,1,50.4584283946306,20.4375339149296,55.2614114923185
460,1,0,1,53.2322083595191,17.9497997134687,61.3681260776625
461,12,0,0,39.0274677865214,20.6333317690663,60.219834016329
462,1,0,0,71.1922005527909,24.0522352170073,36.3192123469403
463,12,0,1,47.9137472015695,19.0902739606725,50.968527836751
464,5,0,0,44.1273062083269,16.8752390213084,59.1055207431849
465,12,0,0,45.1579293774729,17.7022854398997,52.3255806984985
466,2,0,1,72.2914950114343,20.4014792570325,39.5344447634161
467,2,0,1,39.4510784561393,23.8811905671353,63.4803841932795
468,12,1,1,54.6540788064201,26.2637594472809,54.0212658419987
469,15,1,1,48.0658156394992,26.8701313642999,54.3567004972045
470,3,0,1,59.6536417540632,19.8196908997679,51.099402007325
471,5,0,1,58.6761210640202,21.2168257677508,47.914906706412
472,6,0,1,39.245436013972,22.9205254223889,65.4364688441096
473,10,0,0,26.0388764710753,25.0393762600046,62.5425216885287
474,15,0,0,68.4594894182174,19.2394782340392,32.264743826319
475,3,0,1,71.4341412309924,22.0341824847517,43.7899262428072
476,11,1,1,43.5040344542738,24.3729818931911,58.490466501556
477,3,0,1,66.2753737242531,25.1654282279166,40.1644844637951
478,14,0,1,56.2612907726658,21.5406011956175,44.1065693554695
479,1,0,0,47.6977666373262,25.6553522347372,56.8786519764162
480,8,0,1,57.2765095986405,19.364437036136,53.4942345271657
481,1,0,1,49.9614325607138,19.0171440492622,62.4324108742638
482,11,1,1,56.8226023973361,27.5834026091009,50.5382286379593
483,4,0,1,52.6675032750417,22.1589765597034,55.1659007132226
484,8,0,0,54.4283532121129,19.7264611600203,51.5215073832189
485,12,0,1,48.3990437339468,21.3771736883626,55.5753886396745
486,13,1,0,53.02733083009,22.7583449223307,52.3882846413583
487,10,1,0,64.3175544255278,22.0130479309578,47.1267498157278
488,10,1,1,57.6036430906942,19.8320832914192,51.6468211028984
489,8,0,0,54.5788488938073,25.3361084546831,53.422444861926
490,12,0,1,52.4781321843605,24.8763620474612,55.558294575257
491,7,0,0,49.8832065067068,17.4236477836773,50.6277126477617
492,2,0,1,35.1953565542162,20.0231707452807,64.7762191467321
493,1,0,1,41.197927568975,17.3488290867439,59.4219895843641
494,4,0,0,59.9859327279315,18.4006007780434,49.6851643311822
495,11,0,0,52.0885450721081,22.8255594320624,46.4562307138126
496,9,0,0,44.9155678536037,19.77517273998,58.6247075979985
497,5,1,0,56.533947950505,18.6678878383772,49.0760160218023
498,11,1,0,39.900676516153,20.8791449192278,60.6506328545637
499,12,0,1,52.0332450776033,27.5039091789351,50.1779769727022
500,8,1,0,41.6548862743496,27.5797653486707,59.935089263218
501,2,0,0,43.7474222777153,22.2991173130056,55.8458215697094
502,5,0,0,55.1147708159405,19.2198326670293,52.5821370584571
503,13,0,1,44.0065071814166,20.364093890575,48.9257109999806
504,2,0,0,49.0612359858604,19.2001561490221,55.5312243428277
505,6,1,0,53.1262632418542,18.708472827678,56.4070763269298
506,10,0,0,38.7280952289077,23.8101461018703,59.9371990868809
507,10,1,1,73.7890540148401,20.6825083137489,33.5351784623583
508,9,0,0,60.4613532203571,14.1878273848405,41.1198651188112
509,11,0,1,52.9781154218815,18.650626461475,44.6409924678691
510,7,1,0,32.1251058366456,27.3243738869397,68.7547033730173
511,6,0,0,60.0448893219833,24.7879123222602,44.4291781110596
512,12,0,0,62.4421188030913,22.4396743965369,44.0339815061268
513,3,0,0,55.1168513733797,20.565476251859,54.0061477232529
514,11,0,0,54.7477113114658,22.2508759807361,52.3708837666156
515,8,0,0,44.8312922819207,21.9596015300458,55.1801995478878
516,11,0,0,33.4025102606019,22.4878648639264,62.3173261490422
517,14,0,1,52.240086789708,20.7497687960093,46.5930796843072
518,7,0,1,68.0724875971157,17.591593583586,38.6323611323667
519,4,0,0,51.8972576521407,16.8922761566934,59.5285334626008
520,8,0,1,38.3707372954853,18.4185810529285,65.3681623967189
521,12,0,0,80.1762143505557,21.7589104702845,21.0174886202945
522,3,0,0,46.1427863329027,21.2495381562748,55.9800094535309
523,14,1,1,55.6274983098935,25.0217109441705,50.7063903189689
524,8,0,1,58.8620092142371,23.8412289233869,52.6018406389866
525,6,0,1,46.435342016907,22.2085823677866,61.51671609826
526,4,0,1,52.4909850021442,22.3283374746308,49.4976174321438
527,7,0,0,46.3082792612113,19.6559725847384,49.8343787835025
528,10,1,1,50.4163104050397,21.4320485387342,57.8385518879481
529,11,1,1,62.1737695940137,21.6648957906454,52.1711609434364
530,8,0,1,59.5892354310341,22.7520101519102,46.2602761201486
531,14,1,0,45.6394317029256,20.6131357301326,53.0805630364999
532,4,0,0,64.3980791776081,24.4612175525405,49.882788522628
533,10,0,1,58.1655931246108,20.4251984562677,51.844014471322
534,9,0,0,32.4202271639218,21.529327271976,62.7482262588994
535,6,0,1,49.5195850869871,16.5361612397805,55.5526647382144
536,3,0,1,64.9444163480564,20.3947138881985,47.5713877523758
537,4,0,0,18.5447996439713,23.684200261558,71.4843198773397
538,9,0,0,44.6687799624503,22.5874259892341,52.8323645797868
539,9,0,1,59.5207820867497,21.9914193303376,41.1580422186452
540,4,0,0,54.6925382078402,21.6870716565425,51.6454286985791
541,15,1,1,41.0455064118029,25.1612262712136,57.4064308471961
542,4,0,0,55.3504941177252,19.8232289466335,58.1860484371493
543,6,0,0,42.4907415615091,17.1352940254306,59.3000671404369
544,5,1,1,39.5222310013667,22.7093924856546,69.7016209149132
545,1,0,0,27.9948066061193,17.7789059828089,73.709925685944
546,8,0,1,58.5081711722261,24.526648573053,49.0446716069894
547,7,0,1,52.4118650783377,24.4832559090329,53.1798165582137
548,15,1,1,52.6919676443319,20.9729504177136,49.9762302884582
549,12,1,0,66.2453666306763,17.6075431782197,43.3997252868461
550,15,0,0,38.2246422173855,26.6115156215678,53.2802304057518
551,5,1,0,44.5493778397126,26.0530584843374,61.3274068332956
552,14,1,1,41.9022419634435,25.1494067381139,56.5543823711306
553,6,0,1,48.8148407364584,19.3169171952268,59.9330632223014
554,15,1,0,72.4367084973649,20.7417218322788,31.7670548510179
555,15,0,1,61.0530805440672,24.7820311730774,38.5114709772578
556,3,0,0,40.9258037934943,23.7482616941625,67.9222153006907
557,8,0,1,56.1006329102453,22.0183515401592,51.1085457040653
558,15,0,1,39.1658182935119,21.24707731387,52.61625898605
559,10,0,0,40.4079694662138,27.1419862608091,61.2271493314193
560,5,0,0,56.4339350129372,20.6795609038964,51.4905007081615
561,7,0,1,60.5959779045274,21.4698458329494,47.6958000620735
562,4,0,1,46.878337948056,24.0817648264825,62.1667472683213
563,12,1,1,31.182051192285,22.103996335314,66.1246623567576
564,14,1,0,55.5174664419941,27.3633345178655,47.5353795867615
565,9,0,0,53.7965802569803,21.035063750131,50.0824226045481
566,11,0,0,57.4674973469952,23.803053912381,43.5099643473671
567,11,1,0,34.483271181824,20.5715695661162,62.7437259193279
568,3,0,1,61.6017717574652,20.5947978406152,52.4020092019077
569,14,0,1,52.7871367325754,25.0738814108938,48.7644229005674
570,13,0,0,33.4057073444694,23.1675233987246,58.451890601513
571,10,0,0,50.0475658128999,22.1348166707323,53.9958010047144
572,7,1,0,51.1815242034849,15.7912482094386,52.0671833147255
573,13,1,0,59.8544568576053,23.6074298663704,40.3239661427239
574,2,0,1,33.7105080453199,27.403273041934,68.7954107060718
575,9,0,1,59.3992529846896,24.0568989300965,45.3903418108139
576,14,0,1,50.1272897809907,31.0730608404672,51.542072106547
577,6,0,0,53.1558193814155,26.7308360314695,51.1021800914054
578,4,0,0,42.3537705948637,22.8468355118808,56.939995026501
579,15,1,1,46.3282681150714,25.8635151798739,55.2261990266101
580,14,1,0,47.484431731186,15.2310486775294,51.7231983134237
581,14,1,0,43.1880798156964,27.1298137696296,61.0129805339344
582,6,0,1,48.2949614096827,22.2330293465321,52.6028056428584
583,2,1,1,47.700227546444,25.432399034965,60.1968213975686
584,2,0,1,44.2027149354058,17.9972352243294,62.6744055241653
585,8,1,0,51.3177825522743,22.8645711473886,54.6103777046538
586,8,0,1,65.3857881243447,22.1826224997039,47.6242633761724
587,11,0,0,48.4136866169819,26.8310808854854,48.4149486847409
588,5,0,1,32.0920562227546,19.2997034675373,66.8342595571116
589,9,1,1,45.3334696396618,21.5281157912399,60.7638663730033
590,7,0,1,58.7534491578648,18.9037431509876,50.5221526436444
591,3,0,0,36.5539442743427,20.0149957341199,64.1964123908802
592,7,0,0,40.6310805257793,22.3889165738574,64.1222774760194
593,8,0,1,32.1267168487232,21.4387768177109,61.5455130930378
594,11,0,0,59.2163007276067,20.861240443034,45.737422269488
595,10,1,1,46.7950585364953,25.8392707189505,61.2537360010795
596,5,0,0,63.9813717305829,20.1837753047311,41.2666818720548
597,1,0,1,64.4177772646766,15.3508518024147,48.7866192503228
598,7,1,0,52.0487350507834,18.7818943392135,60.8334922839628
599,6,0,0,47.4582115066326,20.7256543209025,54.3901314985178
600,8,0,1,48.2670905327579,17.2149111164532,53.2155208282253
601,4,0,0,55.1890582644246,20.1844186201788,55.8082561705998
602,6,0,0,60.5153012060767,20.9203095056625,45.3089039159208
603,15,0,1,49.113801760582,19.0263838603764,47.836959681257
604,12,1,0,65.6161704998032,22.5818137220665,43.3642810397763
605,1,0,1,59.6689304592852,20.3157570852384,53.4859849119412
606,3,0,0,49.4994228229436,23.4197443414582,56.2317463957895
607,12,0,0,34.2774537230832,22.5609637859293,63.2042485220391
608,15,1,0,46.7754439588633,21.6410005202387,53.3164225264366
609,4,0,0,35.5929107592252,21.9579252055228,67.6758373959274
610,1,0,1,56.2585295579018,21.8199418591761,57.5752379200547
611,5,0,0,55.9798850572838,19.7558654358515,49.8133425400273
612,11,0,0,52.8181288970846,20.3299803449428,55.7563958761136
613,15,1,0,53.0677139237277,22.0317745667143,48.8973038974595
614,4,0,0,50.1872453960453,18.5451466875335,51.1127514071315
615,2,0,1,46.3861970970393,16.8505376860716,61.3159214621118
616,14,1,0,41.2215123866265,24.3069876951661,60.3685253157515
617,15,0,0,27.0166945814969,22.245297146844,62.4766911346767
618,14,0,0,50.2348465918851,23.0196565650483,49.3641032357473
619,7,0,0,50.5277509070559,27.8158911736346,51.6436850415853
620,3,1,1,88.517579714833,20.5432525326669,34.8926521920935
621,10,0,1,66.6908173576239,19.0159393868215,43.8947582821293
622,3,0,0,56.3151186526554,18.9687103404062,51.0523599322436
623,11,0,1,41.8403552207615,22.0177727946499,51.6735728227889
624,1,0,0,37.0512248412068,19.6458778582519,64.8709681220374
625,7,0,1,57.000457337639,16.6233998324507,51.4630407015248
626,13,1,0,40.0503335296147,23.062319763053,58.7592598053966
627,6,1,1,58.5235039588834,22.092301791734,55.6793919257401
628,12,0,0,53.3354522133853,22.54738144977,43.7763410414028
629,4,0,0,43.211605275595,15.077065682549,57.1369097073888
630,5,0,0,45.8610416569675,22.9320991744035,60.1510733880957
631,7,1,1,51.8060951364426,23.8969466529708,58.0569265923724
632,3,0,1,44.6596142709302,21.4263753906103,61.0505505782894
633,2,0,1,50.5568339948734,22.3546038688291,58.6030182860293
634,8,1,0,45.0152937748955,17.8800521715383,57.7357897799548
635,4,0,1,64.706608825791,23.1789981469783,40.2370607881818
636,6,0,1,52.2503897171197,20.9468495615047,50.0035967446155
637,13,0,1,47.1746640482976,22.5503703944227,53.5840343401156
638,10,1,0,46.5558219661306,27.0535419623072,60.3507898485519
639,7,0,1,40.7321114849426,20.5343946559181,69.0485042806939
640,11,0,0,64.8766406606443,25.3036041350366,33.8860945893707
641,11,1,1,47.0287070134858,16.1781110578371,57.8213919099777
642,6,1,0,51.9587710778735,19.9815044856641,57.4088640858462
643,1,0,1,53.8630524007852,20.6884138099838,59.1981752267888
644,6,0,1,44.4972014846967,16.578042404237,56.3040252828275
645,8,0,1,48.5332132303486,24.5328922182783,55.6681688576692
646,3,1,1,74.1717450672506,26.1746500251942,40.8105486267877
647,2,0,0,45.1827737746575,18.5508765024473,61.4403007696721
648,11,0,1,45.8124035906421,23.3452842982124,49.3643897019092
649,3,0,0,62.7879340316658,16.9983475956566,44.6532069268403
650,1,0,0,36.5677418662336,26.3149571399171,65.1318288546308
651,14,1,0,50.7745330881857,25.0759023148875,52.160080664991
652,2,0,0,60.1627541496775,19.0552892098888,53.9522155391314
653,2,1,1,54.7144437750769,17.6331644383503,58.7613609412712
654,8,0,0,58.4501620555366,21.0159557733913,43.7361304166107
655,10,0,0,43.62127228558,21.3311868316807,55.055716400462
656,4,1,1,59.0078176645637,21.999607805978,54.8608477316189
657,14,0,1,59.6531455561051,19.7463166108204,41.4070152923092
658,9,1,1,29.3568494573888,21.8643498536328,67.9878363743601
659,13,0,0,56.6839190938549,14.25440117685,41.8601368459806
660,7,0,1,46.5388904621069,24.994881565798,55.7166897465228
661,8,0,1,46.4048350144378,20.7097030808219,55.955645133103
662,13,0,1,50.9703120004204,22.5588180805823,48.913113844505
663,3,0,1,47.5547463888426,23.2663911984821,62.11831630982
664,15,0,1,55.1228284918501,20.7322674978982,44.5630020876868
665,6,0,0,66.253793246898,19.6413956992535,42.9349890085706
666,11,0,0,53.4939582272524,20.3126479650031,44.7361327661491
667,6,0,0,35.9705471396862,17.2979661020772,63.0422456979714
668,13,1,0,59.039511985832,25.641867921755,48.5915117919505
669,8,0,1,51.8101972814243,21.2494045409277,49.0904405182952
670,1,0,1,75.8787592380113,18.2665834076319,35.9033163233815
671,12,1,0,40.5377892614597,24.1967448377406,56.7119790785013
672,2,0,1,50.9778608609779,17.7150345924417,58.7879252708242
673,5,0,0,55.2062111677375,17.6725573061937,44.9460414959328
674,15,0,1,55.9254957638291,21.1847637432039,47.3430465867683
675,14,1,1,45.0038093722839,22.859659742972,58.6210620624099
676,8,1,1,41.7697262180746,18.9916297845873,65.2402541863038
677,8,1,1,62.7514363976647,23.5668531968599,51.6349857767656
678,12,0,0,39.3570085447357,18.6372435035633,56.615465813054
679,14,1,0,51.0758016592551,23.5798881229266,44.2305541235991
680,7,0,0,55.3348710425654,23.4612523742817,49.9339210717701
681,5,0,0,57.1019085940362,16.969417883455,50.0732113308448
682,1,0,1,71.4668957838981,14.0595121688075,37.0768155669345
683,10,0,1,30.9036692459055,26.9816041305978,65.74483982883
684,11,1,0,46.5959739240915,20.1701122527007,53.799777841067
685,9,1,0,29.3362846163868,20.592763918039,69.3181528737838
686,9,1,0,39.957055112815,24.9341071809951,59.2767170005012
687,11,0,1,55.6456069091734,24.6299329658406,45.6281855050881
688,7,1,1,30.5919262983232,20.0424195187194,72.383612470507
689,10,1,0,57.889533338031,17.2210487054378,50.0866590173036
690,4,0,0,38.6952734737235,19.3838828526685,62.572362107381
691,13,1,1,55.7338130661703,23.5371964059047,55.2906123182065
692,8,1,0,40.6506810869162,24.902525553664,66.9568391405372
693,15,0,0,45.8999934146419,26.1521653254705,48.3168449935045
694,15,1,0,51.5691106131705,24.1503146695009,49.1080182422944
695,11,0,1,44.2236675653641,20.5291465119277,56.6064164205272
696,4,0,1,55.3600494028711,28.1013615331242,55.0986485160396
697,13,1,0,55.6858611317798,23.39799703777,51.4635612226516
698,3,0,1,47.6785966994448,27.4162304907651,56.7913306853814
699,7,0,0,30.307642724106,21.5396028151288,65.1218315695279
700,1,0,1,52.187623241782,19.3550151698822,60.1277013113493
701,6,0,0,32.9814902314641,25.4658475347104,62.2928732751606
702,13,0,1,61.2706931557721,25.6763069826967,36.9500278445224
703,10,1,0,52.7846103427294,22.9680788501057,48.6671459855647
704,12,1,1,58.3054148692998,18.1389359908994,50.1633959053448
705,10,0,0,55.2537796803331,16.6647475727692,47.0376067036392
706,1,0,1,49.940855295163,21.890370270713,58.9919866957309
707,7,1,1,47.9595369457849,20.6804839588445,61.9223008920438
708,5,0,0,44.7719225101363,23.4709297332864,54.3849678280472
709,6,0,0,44.038990612162,23.1901759694483,60.9263573513596
710,10,0,0,42.4523632620643,19.7382210371928,56.4434941517746
711,13,1,0,64.092757224425,17.7387051395902,39.7621028537699
712,6,0,1,43.6127400615707,26.7354261057106,58.7777164365853
713,9,0,1,51.5994779954085,23.5309457515226,54.349956635548
714,8,0,1,54.421297260363,28.5445421751526,49.6651019406388
715,1,0,0,27.5513006534014,21.7699886691236,78.125505031152
716,6,0,0,41.7808882749454,20.8048629882288,63.0053417363715
717,2,0,0,40.0350001251131,21.7837057425611,62.3481818127364
718,8,0,0,52.917231733608,21.873821119172,47.485366263482
719,14,0,1,47.628118573853,16.6599825778181,52.1641601657413
720,12,1,0,47.5313306269932,25.5319067763236,55.3730447332924
721,10,0,1,53.1770394613072,20.0704043349246,51.9327597808948
722,8,0,1,45.9294207497644,21.0338779854671,53.8296388550871
723,15,0,1,45.9167199539038,23.9864134111739,50.7365482499481
724,9,1,1,56.4708098916537,21.9506425875777,54.811902995403
725,8,0,0,34.0685039639814,23.0326945056266,65.3663564705847
726,9,0,1,53.937195508883,20.9994225179551,51.0069529062865
727,9,1,1,40.9892313824938,15.9476248327751,62.5458785008093
728,4,0,0,38.6837630965019,22.2392745237866,62.6227720045188
729,1,0,0,50.0502013226764,17.8178154005542,59.6406755791487
730,3,0,1,61.3980576969114,22.0074463053303,47.8641505737461
731,8,1,0,57.0534850787007,21.0024948394894,54.336782690498
732,2,0,1,39.9168776329537,19.6450452488363,61.6518667017045
733,1,0,0,62.0737147618567,23.272762852837,48.5158967947906
734,9,0,1,48.9150171462812,23.2179925311422,56.6238594471235
735,7,1,1,55.4509725674895,21.7033560051813,54.6951502229503
736,7,0,0,63.7848568158638,22.1255467284274,46.5458930259286
737,13,0,1,48.3632310391692,26.1805462722897,50.6798911064013
738,13,0,0,39.9486995127523,25.6628495475184,57.6915003753642
739,4,0,1,56.4358721985714,16.1980169250619,53.8098088632613
740,14,0,0,46.1719980305913,25.9622418069955,48.3010922925409
741,12,1,0,30.1564540318602,25.8858892680586,70.6566225439603
742,7,0,1,53.9247561607389,20.4284823514091,54.8227280087433
743,4,0,1,51.1903629317558,20.6121270320976,53.8355957095498
744,13,1,0,42.5952299021733,25.2088514546419,59.7477870080603
745,12,0,1,57.5935674922014,24.3233173192606,49.2143096107756
746,9,1,1,35.7040016653585,25.3793703637115,67.6172017232218
747,11,0,1,41.5639210837343,22.7612794759039,58.833699517594
748,13,0,1,53.0994851905106,19.2870484338761,51.333097228744
749,4,0,0,39.5791946154348,18.0923136883888,63.6416156855352
750,10,1,1,48.1180140982629,20.1140842968755,53.7337513627683
751,14,1,1,34.2173965764006,17.971362477787,61.8758693183779
752,15,0,1,61.9011275167863,20.1320242171812,40.9913388780828
753,9,0,0,67.8018405637595,22.4425752493129,34.4995906841575
754,12,1,0,60.5504463493788,24.0295574959265,44.974604134971
755,8,0,1,64.4375919210539,23.1555714307053,41.3088714335536
756,7,0,0,44.0835344405338,25.2312306900495,50.6203995707371
757,9,0,1,64.1419218170458,19.666694382753,44.4223840988935
758,15,1,1,54.4684373592994,24.5567185157114,45.5385192952479
759,3,0,0,37.911281396074,22.0635133202413,60.8397292848102
760,1,0,1,46.7640043767452,14.1665306075765,60.3479361408762
761,11,1,1,66.4859020660269,23.7053236155635,40.4483418153264
762,7,0,0,53.7083106714311,20.2337541924621,51.878517385284
763,3,0,0,50.8121916061276,20.4291629156737,52.0368102229582
764,15,0,1,60.6781026276751,24.043685517868,36.184633855654
765,7,1,0,36.8582199542397,21.6441893553703,63.652237443577
766,10,1,1,59.7500703122806,21.9494827106401,48.6946538723126
767,3,0,0,41.3939219450539,21.4455552875599,66.0338229711272
768,6,1,1,32.1519315528165,18.1714424986641,71.0553686707279
769,7,0,1,52.2950632952119,19.6737609975733,54.1948215782411
770,4,1,1,62.6488853648364,23.1857727659241,57.3320399044946
771,10,0,1,42.858993235862,22.062937223775,48.6031333885608
772,1,0,0,34.976897334969,25.563396203617,67.5775561114611
773,8,0,0,56.2684078191887,25.2087910073249,50.6032870853811
774,5,0,1,41.2142736262532,22.4561014954385,61.830767471469
775,3,0,1,44.5206092516322,18.8762775439487,64.4041093091853
776,12,1,1,56.1023176328125,22.9736741806578,50.315564777313
777,5,0,1,56.8003832895145,19.9441257862172,54.2296367025897
778,14,0,0,46.8243417950671,26.9876242719459,50.0476173109146
779,5,0,0,62.5261482730218,28.356914369741,44.7181887388569
780,14,0,1,46.0060934996047,26.2589293717327,51.5853873849807
781,12,1,1,58.1276665307167,17.9080094018245,48.8813711432188
782,6,0,1,50.8039585013501,21.193493899633,59.4172188580487
783,9,0,1,62.1774474204798,19.5962310029965,47.4027348987055
784,1,0,1,59.5327491040091,19.5706046730037,54.5163033181356
785,4,0,0,51.440534097455,21.0118000122501,54.2457489725096
786,14,1,0,47.1665601525516,22.6700652186977,52.1089973215775
787,3,0,0,60.4550270664275,24.3624658264643,46.6928838968326
788,5,1,1,47.9038294909491,25.3514036369647,60.8065618935481
789,2,0,0,55.9728322948154,21.4935051499006,53.0575212876984
790,1,0,0,34.1843140815808,22.4716010423854,69.8006002012335
791,12,0,0,53.91504050288,20.2782127723286,52.6179490995453
792,4,0,1,41.0389828367982,19.9242839946503,65.6660930108776
793,14,1,0,58.0919741008539,25.4569955820011,44.0564195564206
794,4,1,0,66.9891934536056,27.0749729413093,51.6624095999059
795,11,0,1,34.5400852111277,24.9975956473524,56.5810892938718
796,10,1,0,60.2255789669874,22.7465511256306,44.1609901117407
797,10,1,1,47.4996076368353,24.3063727620129,55.41354885262
798,11,0,1,37.0339823730495,25.5789625075718,59.300886804452
799,5,0,0,51.351017877722,24.0086380524937,49.0405156992081
800,6,0,0,56.2185780089124,20.2939259677211,54.2930500496826
801,4,0,0,39.8687724670851,21.1052976124184,65.0703162737858
802,3,0,1,48.3681760974208,15.917583202829,62.9101305573873
803,3,0,1,59.6663710666542,17.9672326561545,51.0639059015154
804,1,0,1,53.4748526219163,16.2236701927289,60.9602178080021
805,7,1,1,51.6637782645018,21.0312384081783,60.4395547858014
806,5,0,0,37.5218943457404,20.0713490874232,66.3495626726281
807,13,1,0,40.151868479671,24.2063594751342,55.601600229517
808,7,0,1,54.4122656831088,23.3340713349537,49.7898834140212
809,9,1,0,43.7771065530044,19.3321011925992,61.4028798192694
810,9,0,0,26.9888827025372,20.0714069353761,61.5488320549809
811,15,0,0,55.3537822286224,23.4131673937321,48.3597403425819
812,8,0,1,69.5390196691451,21.6908354545892,38.7373684413181
813,1,0,1,62.3187782262819,21.4429868381117,52.8384194006868
814,5,0,0,45.9681786429755,17.5491668017263,59.1219546279852
815,5,0,0,37.6621235734445,18.9742518929527,68.4436496765124
816,8,1,0,46.8102900067884,23.2609074653194,59.3280989980891
817,12,0,1,54.2872279232968,24.3979106625131,46.9089179888475
818,2,0,0,49.1063620002761,19.936936945047,59.2248252078171
819,6,0,1,51.3280915416096,25.652632989796,54.305223338799
820,2,0,1,58.5955077511128,25.5027606888168,53.1651172199922
821,4,0,1,41.634561376587,18.5941832792076,61.6872358065421
822,10,0,0,52.8702200178501,24.5502092948382,51.5760405103734
823,15,1,1,55.1664756830693,26.0234941305288,48.6897837045757
824,7,0,1,66.4870228390432,21.5519434816647,41.5736074536532
825,6,0,0,20.7337141169483,21.5865633271619,70.0625630843149
826,8,0,1,45.9897603523305,27.1380716050653,53.9289300671139
827,1,0,1,22.6648732332319,22.8584173775285,76.4074316215429
828,8,0,0,45.4452950046652,21.7923609021184,54.7300976998001
829,11,1,1,59.3584973183301,23.9115338513603,50.3851070093866
830,5,0,0,46.591751351266,20.0045684162808,58.0987995592855
831,11,1,0,46.9882747414017,24.867296087549,57.6882690532712
832,15,1,0,57.448420106712,25.1830418667732,47.24380238405
833,15,1,0,42.9678721097598,31.3409370661299,56.4485976406105
834,9,0,1,62.1674243289364,20.893342680246,46.2107673294245
835,8,1,1,63.1937278288724,20.6774543947927,47.3820462685462
836,10,0,0,51.3882873068791,16.3751764579594,48.7419930905124
837,15,1,0,54.3631747453088,26.101377820836,49.251060404006
838,15,0,1,70.1285427927796,22.9953630686841,28.3724485645665
839,4,0,1,56.2610235932186,17.5365856591742,56.5000105309922
840,12,0,1,48.9108573476966,19.9698589712008,50.5271754362648
841,9,1,0,55.0250170088307,21.5234919098131,53.9611320571765
842,13,0,1,54.952791142602,21.1370079198198,43.2281359033445
843,9,0,1,33.6425758622439,19.8773695655134,66.0944296996719
844,4,0,1,56.6399159206708,16.7857556007017,53.8609090420207
845,3,0,0,61.4779734508423,18.2674879515794,49.5551018564036
846,7,0,0,61.8786023254221,21.5749485609114,43.0924772096601
847,4,0,1,51.2209850273329,17.8545742818826,54.5407599762291
848,8,0,1,52.0057410240328,19.0770319035303,50.6872578815564
849,8,0,0,49.2169584959401,17.5924107180459,58.4579928557151
850,5,0,1,51.4152753079503,16.9905498729347,55.4419410971169
851,5,0,0,56.327193886744,18.481077239491,57.0668895606707
852,8,0,1,36.4252085714979,22.818763432883,62.5420576579547
853,6,0,1,69.4575545625971,21.402519496653,41.537310984076
854,4,0,1,53.637933829485,19.3650176194595,52.6725850439524
855,3,0,1,52.8527157252652,24.2371190650359,59.9434947564908
856,11,1,1,57.7725703291693,20.4904141144912,49.2166617092543
857,10,0,1,33.9287279452734,23.23558053787,63.4302880825756
858,13,1,0,48.1347750536772,23.5969160969753,48.3671981045849
859,7,0,1,56.5791119957274,24.7512473178044,51.9506071316264
860,5,1,1,49.0675317774597,24.1806734663051,62.9644053957544
861,8,0,0,48.8312455316063,24.4080369701662,46.7733402631465
862,9,0,1,43.5121894585305,19.4136255362578,54.9538766318847
863,11,0,0,57.6789613286614,22.611656713829,41.2917922890049
864,10,0,1,45.000655531446,20.1682460277247,58.2624246027004
865,15,0,1,49.4957185779297,18.6005721874428,49.7412081174883
866,3,0,1,50.4443761654169,21.5533369235572,55.7616456135157
867,12,1,1,28.1538622765699,23.4592948927854,66.3468701234475
868,15,1,0,52.0089494177215,19.020649882207,53.0846520395917
869,10,0,0,48.3267913598314,26.9532057932068,47.3421557987553
870,13,0,0,47.694334342899,19.5826317829343,49.9718191394693
871,11,0,0,38.2573884491152,25.2460210863666,58.3378040955581
872,8,0,1,44.0391463446378,23.018224027886,59.2416988099742
873,3,0,0,29.107127345042,17.5067386854697,66.0996203968855
874,2,0,1,48.6717305266368,23.2023625070996,58.3360591385402
875,10,1,0,37.4584802875,21.5895870287416,66.9645938294192
876,8,0,0,41.0212929680695,17.3459861502891,59.1378975436449
877,12,1,1,65.4493126726369,20.1345796568932,44.6699499294319
878,10,0,0,58.5052224798462,22.5181908416179,47.5317642800103
879,7,0,1,37.7272780928247,20.0589659829151,63.0195431457402
880,7,0,0,48.2950591116351,19.3229197748388,60.2538773423781
881,6,0,0,58.6430543529498,22.5088641138571,48.5622075758504
882,1,0,0,50.9712528814218,19.762497300538,59.5044531343832
883,4,0,1,35.6866937281436,21.2635581112979,67.683663236155
884,1,0,0,51.4545998695868,20.6821676492843,54.649380143463
885,5,0,1,43.6614436202686,25.8012460535966,61.3172479840788
886,10,1,0,39.7627845887151,20.6592504503273,61.5850974699643
887,13,0,0,34.329308728541,23.9547194818635,58.3946630523607
888,10,0,0,56.3106290359012,14.3528950222264,46.2958279073927
889,2,0,1,55.3948271977535,18.5295645796962,54.2260007154977
890,15,0,1,52.1151699919273,22.8703315407398,42.6788257417982
891,7,0,0,40.84726571106,20.2738030682474,56.6963062736915
892,15,1,0,52.6329392071091,22.9116706733433,43.7636084713546
893,8,0,1,53.4802267581504,19.7754335280762,52.3251638554045
894,3,0,0,50.6480347682492,22.5106490109317,56.3750903658935
895,2,0,1,56.5275912000471,17.9743446648895,56.4987406111102
896,6,0,0,39.0307397185946,21.3933948485574,62.3915112689036
897,14,0,0,38.162888273262,18.6869984580127,52.8566060812508
898,11,1,1,53.8742177906476,19.3619654633999,51.8950749825124
899,15,0,0,48.6726152239026,24.7415590906664,43.5172747563661
900,3,0,1,59.9660805280485,20.4253036321238,48.6085953384047
901,9,0,0,29.3485764289048,20.9927269125697,71.1346053694084
902,7,0,1,58.2878384102194,15.1748429926572,50.7030556403956
903,9,0,0,43.1477216248152,27.0518228383571,52.7030359794035
904,15,0,1,44.5296213184762,22.0763979783186,44.7122436489082
905,6,0,0,55.2179939342021,25.5932464751078,48.9493656803698
906,8,1,0,27.9228104772218,17.9065952846692,72.3252202459196
907,13,1,0,48.8410260395646,20.34653355179,57.2545713804402
908,9,0,1,43.4800212115546,25.0599459142108,55.5430649965525
909,5,1,0,47.9036987291145,19.8401687744126,58.4977970283415
910,7,0,0,50.5690934195678,21.304811511868,54.1409716142493
911,9,0,0,50.4170705794907,22.1273919597093,53.2394431613875
912,2,0,1,44.618633550421,19.7593409001253,71.7290732949961
913,8,0,0,33.8520507514634,25.9322603599202,61.941424846742
914,9,0,1,67.2966904258315,21.3179067098368,38.3587231542516
915,11,0,0,44.5218145301378,20.3304455378685,54.9949884324573
916,8,1,1,44.9780936700789,18.1887962627366,61.6171221236247
917,11,0,0,52.9136449385564,27.7120078499011,50.7799223144826
918,4,0,1,37.6317561761007,20.9340690390557,61.4670507029606
919,7,0,0,33.31103703745,18.4614106421754,64.1308261013098
920,8,0,0,66.9112418977384,21.0155454670818,33.4355844048231
921,2,0,0,63.4299231429813,21.3280848495906,49.4170964657162
922,12,1,0,46.6609549575612,16.6434645732581,57.1105243061994
923,11,0,1,65.6133392173985,17.1059402474828,43.5206383845353
924,6,0,1,47.9033417815404,20.8173436996807,54.0363284374495
925,1,0,0,56.6534671623881,20.6949671375209,50.5516260265474
926,11,0,0,49.2769891308758,17.6116749831838,54.5909486272913
927,12,0,1,47.520306820485,25.6598041439372,52.4600396329339
928,10,0,1,54.9796626988205,24.9558797581926,43.2939110180713
929,6,0,0,49.000727564267,29.7173560697541,57.4042142233652
930,5,1,1,39.9384099950601,21.0033333507548,67.8721416680448
931,10,0,0,41.5914562111811,19.379114420114,57.6694116801479
932,9,0,1,60.4208444460759,17.244708994791,48.3002737847691
933,2,0,0,34.6000181508029,21.9789149409881,67.4751190796748
934,3,0,1,57.1821565985952,24.8056704401389,54.9633797493507
935,3,0,0,50.061323940318,23.3006447054575,62.0816271541356
936,2,0,0,62.0564309445766,20.0299440715452,47.1460876760938
937,10,0,1,50.022128791319,17.3460935665287,49.5339046379413
938,8,0,0,41.3264749865386,20.2617846745076,60.2678372816945
939,12,0,1,47.6524016804166,12.9988006550412,52.5557077246945
940,13,0,0,21.2337771968995,21.285700803777,64.1267226169043
941,8,0,1,39.995593774972,20.7092242966077,61.6919576326865
942,2,0,0,52.2877728793605,14.1454763127928,57.2058284944241
943,11,0,1,50.8207113677759,22.5735043223922,52.31268320978
944,6,0,1,56.8526267795806,21.3051758429222,47.0407444580322
945,7,0,0,38.637918781145,21.4766711142545,62.1853984613363
946,1,0,1,53.8448862551134,15.2306363724525,63.4382766647324
947,14,0,1,54.9274375651991,17.9275388179866,44.9799015775909
948,7,1,1,44.0734533501266,17.9270446105728,61.1851006259887
949,13,0,1,33.1546989005698,19.1170121146837,61.1897742028409
950,8,0,1,59.0582883872971,21.5534808609373,51.0256889649962
951,6,0,0,47.9188269399608,20.6674799524746,55.9030135064151
952,11,1,0,51.3094189540843,20.4675669424877,56.871416906518
953,10,0,0,45.3014090760864,20.2517871731286,52.7902586720777
954,1,0,1,37.046637020288,16.2070920103972,66.3929436912885
955,7,0,0,45.9368117121882,19.4172493830806,55.0242990435482
956,7,0,1,58.7829455030624,18.2776640339365,52.2850151734309
957,12,0,0,58.3287086229183,23.68149311071,47.5889690689121
958,12,1,0,57.6684009194945,26.756238899719,44.7701166915231
959,3,0,1,42.0041736843439,21.8550923415691,64.2716604835229
960,1,1,0,33.062322227122,24.1323862797306,75.4232224420407
961,8,0,0,54.5036789141653,20.1662572061954,45.2743824513455
962,15,0,1,49.8234227214745,18.9722525799193,48.5777581512151
963,14,0,1,49.6185996724362,25.7138454426102,47.602002903582
964,14,1,1,45.2435917323471,19.2876263886185,51.0642778188076
965,10,0,1,33.0647120534792,18.3355919826345,64.5047476848908
966,11,0,0,54.7587836831382,24.502004139835,45.0539310523655
967,1,0,1,38.9847618154833,19.338969796257,62.7801404226266
968,1,0,1,42.6642882110343,17.5119639777268,71.4941836792865
969,2,0,0,25.9578295182105,21.8282161791625,73.9696246212183
970,2,0,0,73.0666247735156,21.0907009197963,42.372982950246
971,4,0,0,53.8999070289187,23.8458998499788,54.0281336241511
972,11,0,1,36.3922722708996,24.8855978668689,52.514526130872
973,10,1,0,51.0564706056248,18.8045567039007,53.0273091794299
974,10,0,0,43.9274704914096,22.9053089336816,50.6262866841307
975,5,1,0,66.2252663965449,23.5963012259131,45.5250331532007
976,15,1,0,69.261812971557,29.6073073672198,37.7448795111888
977,9,1,1,70.470004522712,20.6612868453764,44.6647172597777
978,15,0,1,45.1540411812936,30.0499771558748,51.1605501150245
979,3,0,0,53.6259129555293,25.2400416705684,50.4006119782301
980,7,0,0,69.1122262433724,23.6381394214109,39.8674929714738
981,7,0,0,47.2548085647629,15.8694952705111,53.2946790893482
982,2,0,0,43.4809837458108,25.614985624548,56.18769910475
983,2,0,1,59.963353636041,21.751230588701,47.6414897993102
984,12,1,0,57.5518870824735,22.4420869895306,52.8850574500942
985,12,0,1,53.6263959489709,22.0359503778535,48.6523094562452
986,12,0,0,42.497583506856,22.8725595417761,51.7473761130942
987,5,0,1,61.6385203424588,22.8414258514061,36.534368814352
988,13,1,1,30.5122518293158,24.1516043581518,67.671520991097
989,8,0,0,62.6864359335846,25.108793591119,44.6565861708112
990,4,1,1,38.2218791413579,19.8570238792387,71.080998945932
991,4,0,0,63.4107634876922,14.93660760819,43.6702413223883
992,7,1,0,62.2103712669075,22.4258447449245,44.7370936484526
993,10,0,1,48.4721833030195,21.9691363765796,51.530140593887
994,5,0,0,61.0839320187578,23.0679011238259,45.8845178546664
995,2,0,1,42.6802994399269,21.3152195380398,61.398011442666
996,2,0,1,73.891632448955,17.3082450335499,36.0771336190522
997,12,1,1,36.5190823371588,17.212961537396,67.6335531052524
998,14,0,1,60.6495096850505,20.7278737716093,38.8848979023425
999,13,1,0,50.137238339032,19.780193113166,54.3252199549439
1000,11,0,1,59.3263543885221,22.134085079342,45.0275850415558
